duration_minutes,likes,comments,engagement_rate,Year,Month,Day,PublishedDay_Monday,PublishedDay_Monday,PublishedDay_Saturday,PublishedDay_Saturday,PublishedDay_Sunday,PublishedDay_Sunday,PublishedDay_Thursday,PublishedDay_Thursday,PublishedDay_Tuesday,PublishedDay_Tuesday,PublishedDay_Wednesday,PublishedDay_Wednesday,PublishedDay_Monday,PublishedDay_Monday,PublishedDay_Saturday,PublishedDay_Saturday,PublishedDay_Sunday,PublishedDay_Sunday,PublishedDay_Thursday,PublishedDay_Thursday,PublishedDay_Tuesday,PublishedDay_Tuesday,PublishedDay_Wednesday,PublishedDay_Wednesday,video_type_Shorts,Actual_Views,Predicted_Views,title,publishedAt
30,53591,10967.0,0.008892286501377411,2025,7,26,0,0,1,1,0,0,0,0,0,0,0,0,0,0,1,1,0,0,0,0,0,0,0,0,0,2113377,4299382.39,"I Bought 1,000 lbs of LOST MAIL Packages (FINALE)",2025-07-26
1,21917,276.0,0.003056887052341598,2025,7,15,0,0,0,0,0,0,0,0,1,1,0,0,0,0,0,0,0,0,0,0,1,1,0,0,1,638214,729330.39,How many POPMART boxes until I get a SECRET?!,2025-07-15
50,77959,3990.0,0.011287741046831955,2025,7,12,0,0,0,1,1,0,0,0,0,0,0,0,0,0,0,1,1,0,0,0,0,0,0,0,0,4534189,6015235.44,I Bought EVERY POPMART Mystery Box,2025-07-12
28,47264,3456.0,0.006986225895316805,2025,6,28,0,0,1,1,0,0,0,0,0,0,0,0,0,0,1,1,0,0,0,0,0,0,0,0,0,2457585,2494869.36,I Bought DISCONTINUED FOOD From Our Childhood,2025-06-28
29,61795,2669.0,0.008879338842975206,2025,6,21,0,0,1,1,0,0,0,0,0,0,0,0,0,0,1,1,0,0,0,0,0,0,0,0,0,2950013,3501565.85,I Bought EVERY Tiktok Mystery Box,2025-06-21
27,130507,7302.0,0.018981955922865015,2025,6,7,0,0,0,1,1,0,0,0,0,0,0,0,0,0,0,1,1,0,0,0,0,0,0,0,0,6228065,7719693.2,I Investigated Ai SCAM Products,2025-06-07
16,41311,1732.0,0.005928787878787879,2025,5,24,0,0,1,1,0,0,0,0,0,0,0,0,0,0,1,1,0,0,0,0,0,0,0,0,0,1952532,1987094.27,I Tested UNREALISTIC Pinterest Hair,2025-05-24
0,31534,281.0,0.004382231404958678,2025,5,17,0,0,1,1,0,0,0,0,0,0,0,0,0,0,1,1,0,0,0,0,0,0,0,0,1,1102526,1122009.41,What Design will this BURN AWAY SHIRT Reveal?!,2025-05-17
35,58779,3374.0,0.008561019283746557,2025,5,10,0,0,0,1,1,0,0,0,0,0,0,0,0,0,0,1,1,0,0,0,0,0,0,0,0,3225812,3482762.86,I Tested TOP YOUTUBER Products,2025-05-10
21,50879,2797.0,0.007393388429752066,2025,5,3,0,0,0,1,0,0,0,0,0,0,1,0,0,0,0,1,0,0,0,0,0,0,1,0,0,3837261,2899815.77,I Tested VIRAL Beauty Products you won‚Äôt believe,2025-05-03
1,31071,0.0,0.004279752066115703,2025,4,28,1,1,0,0,0,0,0,0,0,0,0,0,1,1,0,0,0,0,0,0,0,0,0,0,1,1017651,1045757.82,What My Dresses Would Look Like as People? #Sponsored #DreamScreenAI,2025-04-28
19,37396,2607.0,0.005510055096418733,2025,4,19,0,0,1,1,0,0,0,0,0,0,0,0,0,0,1,1,0,0,0,0,0,0,0,0,0,1506297,2179037.56,I Painted a LOUIS VUITTON Bag in 5 MIN vs 5 HOURS vs 5 DAYS,2025-04-19
1,13022,150.0,0.0018143250688705233,2025,4,13,0,0,0,0,1,1,0,0,0,0,0,0,0,0,0,0,1,1,0,0,0,0,0,0,1,615420,625798.85,How I keep my PINK HAIR off the floor! The ultimate robot vacuum assistant #ad,2025-04-13
24,87070,5342.0,0.01272892561983471,2025,4,12,0,0,0,1,0,0,1,0,0,0,0,0,0,0,0,1,0,0,1,0,0,0,0,0,0,6104909,6208136.23,I Tested VIRAL Tiktok CANDY You Won‚Äôt Believe,2025-04-12
0,36866,152.0,0.005098898071625345,2025,4,7,0,1,0,0,0,0,0,0,0,0,0,0,0,1,0,0,0,0,0,0,0,0,0,0,1,1890874,1635801.75,World's BIGGEST Crocs vs World's SMALLEST Crocs,2025-04-07
48,92145,4766.0,0.01334862258953168,2025,4,5,0,0,0,1,1,0,0,0,0,0,0,0,0,0,0,1,1,0,0,0,0,0,0,0,0,6149731,6312046.41,I Tested EVERY Mystery Box Website (part 2),2025-04-05
1,102438,455.0,0.01417258953168044,2025,3,31,1,1,0,0,0,0,0,0,0,0,0,0,1,1,0,0,0,0,0,0,0,0,0,0,1,3901884,3702248.94,Dressing as VEGGIES in the WORLD‚ÄôS LARGEST SHOPPING CART,2025-03-31
21,31939,2420.0,0.004732644628099174,2025,3,29,0,0,1,1,0,0,0,0,0,0,0,0,0,0,1,1,0,0,0,0,0,0,0,0,0,2120449,2007426.28,I Bought EVERY CROCS Charm (aka JIBBITZ),2025-03-29
15,74282,2596.0,0.010589256198347108,2025,3,22,0,0,1,1,0,0,0,0,0,0,0,0,0,0,1,1,0,0,0,0,0,0,0,0,0,3094339,4317619.21,"I Bought the SAME DRESS for $30, $300, $3,000",2025-03-22
27,57207,2612.0,0.008239531680440771,2025,3,15,0,0,1,1,0,0,0,0,0,0,0,0,0,0,1,1,0,0,0,0,0,0,0,0,0,3380826,3335565.38,I Bought from EVERY LIVE Stream SHOPPING App,2025-03-15
0,32341,387.0,0.004507988980716253,2025,3,6,0,0,0,0,0,0,0,1,1,0,0,0,0,0,0,0,0,0,0,1,1,0,0,0,1,1002215,1062627.86,Testing PINTEREST Vacation spots: Lake Edition,2025-03-06
17,90014,2830.0,0.012788429752066116,2025,3,1,0,0,0,1,0,0,0,0,0,0,0,0,0,0,0,1,0,0,0,0,0,0,0,0,0,2747496,3669904.91,I got my SCAM Dresses FIXED by a Seamstress,2025-03-01
26,72419,5072.0,0.010673691460055097,2025,2,22,0,0,1,1,0,0,0,0,0,0,0,0,0,0,1,1,0,0,0,0,0,0,0,0,0,7380059,6106884.78,I Created GIANT VIRAL BEAUTY Products,2025-02-22
0,174347,10437.0,0.025452341597796142,2025,2,20,0,0,0,0,0,0,1,1,0,0,0,0,0,0,0,0,0,0,1,1,0,0,0,0,1,5372207,7363621.47,WHAT color is THE DRESS ???,2025-02-20
31,137058,7863.0,0.019961570247933883,2025,2,15,0,0,1,1,0,0,0,0,0,0,0,0,0,0,1,1,0,0,0,0,0,0,0,0,0,8265370,8658887.36,Investigating UNREALISTIC Ai Products,2025-02-15
25,55978,2540.0,0.008060330578512397,2025,2,1,0,0,0,1,0,0,1,0,0,0,0,0,0,0,0,1,0,0,1,0,0,0,0,0,0,4540978,3959400.99,I Bought the MOST UNUSUAL TIKTOK Nails,2025-02-01
0,36901,114.0,0.005098484848484849,2025,1,27,1,1,0,0,0,0,0,0,0,0,0,0,1,1,0,0,0,0,0,0,0,0,0,0,1,1214157,1381981.64,When SMOKE DYED Clothes get WET ?!,2025-01-27
21,101640,7583.0,0.015044490358126722,2025,1,25,0,0,1,1,0,0,0,0,0,0,0,0,0,0,1,1,0,0,0,0,0,0,0,0,0,9225117,8131624.69,I Tested UNUSUAL Viral Tiktok Candy,2025-01-25
1,187007,264.0,0.02579490358126722,2025,1,20,1,1,0,0,0,0,0,0,0,0,0,0,1,1,0,0,0,0,0,0,0,0,0,0,1,5588099,6612324.85,"Can YOU GUESS $100 vs $10,000 Outfit?!",2025-01-20
27,92920,3026.0,0.013215702479338842,2025,1,18,0,0,1,1,0,0,0,0,0,0,0,0,0,0,1,1,0,0,0,0,0,0,0,0,0,4897779,5232242.26,"I Bought the SAME OUTFIT for $100, $1000, $10,000",2025-01-18
1,204270,163.0,0.028158815426997247,2025,1,11,0,0,1,1,0,0,0,0,0,0,0,0,0,0,1,1,0,0,0,0,0,0,0,0,1,4769475,7659248.53,Will SMOKE Tie-DYE this T-Shirt?!,2025-01-11
17,59648,2126.0,0.008508815426997246,2025,1,4,0,0,0,1,0,0,0,0,1,0,0,0,0,0,0,1,0,0,0,0,1,0,0,0,0,2508742,3062319.48,Attempting to Finish EVERY DIY Project I've Started..,2025-01-04
1,148625,1093.0,0.02062231404958678,2024,12,24,0,0,0,0,0,0,0,0,1,1,0,0,0,0,0,0,0,0,0,0,1,1,0,0,1,1989072,2557330.19,"$1,200 SWAROVSKI Advent Calendar (DAY 24)",2024-12-24
1,259238,590.0,0.03578898071625344,2024,12,23,1,1,0,0,0,0,0,0,0,0,0,0,1,1,0,0,0,0,0,0,0,0,0,0,1,4289077,7115457.01,$600 BEAUTY ADVENT CALENDAR - Opening ENTIRE thing! (Day 23),2024-12-23
1,57605,1240.0,0.008105371900826447,2024,12,22,0,0,0,0,1,1,0,0,0,0,0,0,0,0,0,0,1,1,0,0,0,0,0,0,1,1004136,1132867.7,$600 TIFFANY Advent Calendar (DAY 22),2024-12-22
16,67753,2953.0,0.009739118457300276,2024,12,21,0,0,1,1,0,0,0,0,0,0,0,0,0,0,1,1,0,0,0,0,0,0,0,0,0,5046112,4953154.81,I Bought 10 UNUSUAL Beauty Products,2024-12-21
2,68561,503.0,0.009512947658402203,2024,12,20,0,0,0,0,0,0,0,0,0,0,0,0,0,0,0,0,0,0,0,0,0,0,0,0,1,1186987,1206768.84,Opening ENTIRE $300 LUSH Advent Calendar (DAY 20),2024-12-20
1,62550,309.0,0.008658264462809918,2024,12,19,0,0,0,0,0,0,1,1,0,0,0,0,0,0,0,0,0,0,1,1,0,0,0,0,1,932803,1000116.95,Opening ENTIRE Advent Calendar: JEWELRY Theme (DAY 19),2024-12-19
1,62053,331.0,0.008592837465564739,2024,12,18,0,0,0,0,0,0,0,0,0,0,1,1,0,0,0,0,0,0,0,0,0,0,1,1,1,886284,1025451.87,Opening ENTIRE MAC Beauty Advent Calendar (day 18),2024-12-18
1,81939,401.0,0.01134159779614325,2024,12,17,0,0,0,0,0,0,0,0,1,1,0,0,0,0,0,0,0,0,0,0,1,1,0,0,1,1355320,1450601.56,Opening ENTIRE Barbie Advent Calendar (day 19),2024-12-17
1,54944,394.0,0.007622314049586777,2024,12,15,0,0,0,0,1,1,0,0,0,0,0,0,0,0,0,0,1,1,0,0,0,0,0,0,1,964117,985503.47,SCAMMED by FAKE LEGO Advent Calendar?? (Day 16),2024-12-15
2,130603,778.0,0.0180965564738292,2024,12,14,0,0,1,1,0,0,0,0,0,0,0,0,0,0,1,1,0,0,0,0,0,0,0,0,1,2608776,2904982.71,Opening ENTIRE TAYLOR SWIFT Advent Calendar (day 14),2024-12-14
30,61621,4218.0,0.009068732782369146,2024,12,14,0,0,1,1,0,0,0,0,0,0,0,0,0,0,1,1,0,0,0,0,0,0,0,0,0,6539556,5592066.55,I Bought #1 Products From Our Childhood *every decade*,2024-12-14
2,56499,752.0,0.007885812672176308,2024,12,13,0,0,0,0,0,0,0,0,0,0,0,0,0,0,0,0,0,0,0,0,0,0,0,0,1,901915,983048.95,TEMU SLIME Advent Calendar: Opening ENTIRE Advent every day until Christmas (Day 13),2024-12-13
1,77577,369.0,0.010736363636363636,2024,12,12,0,0,0,0,0,0,1,1,0,0,0,0,0,0,0,0,0,0,1,1,0,0,0,0,1,1216337,1232807.79,SHEIN Beauty Advent Calendar: Opening ENTIRE Advent Every day until Christmas (Day 11),2024-12-12
1,293421,452.0,0.04047837465564738,2024,12,10,0,0,1,0,0,0,0,0,0,1,0,0,0,0,1,0,0,0,0,0,0,1,0,0,1,8485642,9250672.81,CROCS Advent Calendar! Opening ENTIRE Calendar EVERY DAY (Day 10),2024-12-10
1,208877,570.0,0.02884944903581267,2024,12,9,0,1,0,0,0,0,1,0,0,0,0,0,0,1,0,0,0,0,1,0,0,0,0,0,1,3076818,7325044.52,CUTEST Charm Bracelet Advent Calendar! (Day 9),2024-12-09
1,71699,325.0,0.009920661157024793,2024,12,8,1,0,0,0,0,1,0,0,0,0,0,0,1,0,0,0,0,1,0,0,0,0,0,0,1,1156204,1210927.66,Opening ENTIRE MINI BRANDS Advent Calendar (Day 8),2024-12-08
1,80835,262.0,0.01117038567493113,2024,12,8,1,0,0,0,0,1,0,0,0,0,0,0,1,0,0,0,0,1,0,0,0,0,0,0,1,1215867,1318183.35,Opening ENTIRE ADVENT CALENDAR (Day 7) Ulta Makeup theme,2024-12-08
70,69819,3145.0,0.010050137741046832,2024,12,7,0,0,0,1,0,0,0,0,0,0,0,0,0,0,0,1,0,0,0,0,0,0,0,0,0,5299091,5429837.9,I Bought EVERY DYSON Product,2024-12-07
1,86247,343.0,0.011926997245179063,2024,12,6,0,0,0,0,0,0,0,0,0,0,1,0,0,0,0,0,0,0,0,0,0,0,1,0,1,1539999,1642836.02,BUILD-A-BEAR Advent Calendar! Opening ENTIRE advent every day until Christmas (day 6),2024-12-06
1,127709,290.0,0.017630716253443528,2024,12,5,0,0,0,0,1,0,0,1,0,0,0,0,0,0,0,0,1,0,0,1,0,0,0,0,1,2715598,2875386.72,NAILS üíÖ Advent Calendar: Opening and ENTIRE Advent EVERY DAY until Christmas (day 5),2024-12-05
1,66822,542.0,0.00927878787878788,2024,12,4,0,0,0,0,0,0,0,0,0,0,0,1,0,0,0,0,0,0,0,0,0,0,0,1,1,962869,1163213.1,Opening ENTIRE ADVENT CALENDAR: Funko Pop (day 4),2024-12-04
1,86873,367.0,0.012016528925619835,2024,12,3,0,0,0,0,0,0,0,0,1,1,0,0,0,0,0,0,0,0,0,0,1,1,0,0,1,1334933,1611353.4,Opening ENTIRE ADVENT CALENDAR: Sephora edition (day 3),2024-12-03
1,71624,464.0,0.009929476584022039,2024,12,2,1,1,0,0,0,0,0,0,0,0,0,0,1,1,0,0,0,0,0,0,0,0,0,0,1,1209750,1322756.92,WICKED ADVENT CALENDAR: the WORST calendar EVER??,2024-12-02
1,109378,400.0,0.015120936639118458,2024,12,1,0,0,0,0,0,1,0,0,0,0,0,0,0,0,0,0,0,1,0,0,0,0,0,0,1,2080655,2825374.64,Opening ENTIRE ADVENT CALENDAR: ALL PINK theme (day 1),2024-12-01
38,56451,2982.0,0.008186363636363636,2024,11,30,0,0,1,1,0,0,0,0,0,0,0,0,0,0,1,1,0,0,0,0,0,0,0,0,0,3327089,3451941.4,I Bought the SAME CLOTHES from Different Decades,2024-11-30
43,154284,7865.0,0.02233457300275482,2024,11,16,0,0,1,1,0,0,0,0,0,0,0,0,0,0,1,1,0,0,0,0,0,0,0,0,0,11086750,10605740.54,I Tested EVERY Mystery Box Website (part 1),2024-11-16
22,255198,8294.0,0.03629366391184573,2024,11,9,0,0,0,1,0,0,0,0,0,0,1,0,0,0,0,1,0,0,0,0,0,0,1,0,0,11598178,11759546.14,"I Bought the SAME DRESS for $15, $50, $500, $5000",2024-11-09
28,40294,3512.0,0.0060338842975206615,2024,11,2,0,0,0,1,1,0,0,0,0,0,0,0,0,0,0,1,1,0,0,0,0,0,0,0,0,2479434,2401730.76,I Stayed in BARBIE Themed Airbnbs,2024-11-02
1,2736251,2536.0,0.3772433884297521,2024,10,29,0,0,0,0,0,0,0,0,1,1,0,0,0,0,0,0,0,0,0,0,1,1,0,0,1,71820610,63399961.84,Will this smoke DYE my DRESS?,2024-10-29
21,84427,5458.0,0.012380853994490359,2024,10,26,0,0,1,1,0,0,0,0,0,0,0,0,0,0,1,1,0,0,0,0,0,0,0,0,0,6884555,6911674.17,DRESS TO IMPRESS In Real Life,2024-10-26
21,84616,3687.0,0.012162947658402205,2024,10,19,0,0,1,1,0,0,0,0,0,0,0,0,0,0,1,1,0,0,0,0,0,0,0,0,0,7580731,7084508.61,I Tested 15 UNUSUAL BEAUTY Products,2024-10-19
1,210294,684.0,0.029060330578512397,2024,10,15,0,0,0,0,0,0,0,0,1,1,0,0,0,0,0,0,0,0,0,0,1,1,0,0,1,6757773,6410275.99,I made your favorite candy GIANT,2024-10-15
28,65405,5542.0,0.009772314049586776,2024,10,12,0,0,0,1,0,0,0,0,1,0,0,0,0,0,0,1,0,0,0,0,1,0,0,0,0,6526620,6133819.33,I Created GIANT CANDY that you can ACTUALLY EAT,2024-10-12
1,97274,302.0,0.01344022038567493,2024,10,3,0,0,0,0,1,0,0,1,0,0,0,0,0,0,0,0,1,0,0,1,0,0,0,0,1,1763160,2100554.28,Recreating UNREALISTIC PINTEREST Photos NYC,2024-10-03
74,29777,1338.0,0.0042858126721763085,2024,9,28,0,0,1,1,0,0,0,0,0,0,0,0,0,0,1,1,0,0,0,0,0,0,0,0,0,1426952,1504667.74,ALL the LOST LUGGAGE I have ever bought (Compilation),2024-09-28
34,63894,3470.0,0.00927878787878788,2024,9,21,0,0,1,1,0,0,0,0,0,0,0,0,0,0,1,1,0,0,0,0,0,0,0,0,0,6476396,5918407.21,I Bought VINTAGE vs NEW Beauty Products,2024-09-21
18,83979,2638.0,0.011930716253443526,2024,9,14,0,0,1,1,0,0,0,0,0,0,0,0,0,0,1,1,0,0,0,0,0,0,0,0,0,4234788,4780321.74,I Thrift Shopped the RICHEST CITY vs POOREST CITY,2024-09-14
22,66890,10384.0,0.010643801652892563,2024,8,31,0,0,1,1,0,0,0,0,0,0,0,0,0,0,1,1,0,0,0,0,0,0,0,0,0,4877261,6298243.54,I Tested UNREALISTIC Custom Nails,2024-08-31
1,77028,289.0,0.010649724517906337,2024,8,26,1,1,0,0,0,0,0,0,0,0,0,0,1,1,0,0,0,0,0,0,0,0,0,0,1,2459373,1952245.99,#airbnbpartner LIFE-SIZED POLLY POCKET Icon. Thanks to @Airbnb for sponsoring & flying us in!,2024-08-26
81,16796,6278.0,0.0031782369146005508,2024,8,24,0,0,1,1,0,0,0,0,0,0,0,0,0,0,1,1,0,0,0,0,0,0,0,0,0,1362971,1448958.96,Customizing iPhones and Giving them Away! üî¥ LIVE EXPERIENCE üî¥,2024-08-24
20,70689,4045.0,0.010293939393939393,2024,8,17,0,0,1,1,0,0,0,0,0,0,0,0,0,0,1,1,0,0,0,0,0,0,0,0,0,3315883,6197576.45,I Shopped at SECRET STORES,2024-08-17
28,85060,9566.0,0.013033884297520662,2024,8,3,0,0,0,1,0,0,0,0,0,0,0,0,0,0,0,1,0,0,0,0,0,0,0,0,0,6178853,6619913.64,VINTAGE Preppy vs NEW Preppy,2024-08-03
1,82085,649.0,0.01139586776859504,2024,7,29,1,1,0,0,0,0,0,0,0,0,0,0,1,1,0,0,0,0,0,0,0,0,0,0,1,2579464,2416427.3,I SHRUNK Everything in my Kitchen,2024-07-29
14,75847,3408.0,0.010916666666666667,2024,7,27,0,0,1,1,0,0,0,0,0,0,0,0,0,0,1,1,0,0,0,0,0,0,0,0,0,3033049,4858954.24,I Bought the World's RAREST Fashion,2024-07-27
82,9184,2332.0,0.0015862258953168043,2024,7,20,0,0,1,1,0,0,0,0,0,0,0,0,0,0,1,1,0,0,0,0,0,0,0,0,0,546122,541291.31,Customizing CROCS & Giving Them Away!  üî¥ LIVE STREAM üî¥,2024-07-20
0,165743,859.0,0.02294793388429752,2024,7,15,1,1,0,0,0,0,0,0,0,0,0,0,1,1,0,0,0,0,0,0,0,0,0,0,1,5529725,6053602.01,Styling my 6 WEIRDEST CROCS,2024-07-15
21,102834,7807.0,0.015239807162534435,2024,7,13,0,0,1,1,0,0,0,0,0,0,0,0,0,0,1,1,0,0,0,0,0,0,0,0,0,8617057,7875641.92,I Created GIANT BEAUTY PRODUCTS that ACTUALLY WORK,2024-07-13
30,105518,5841.0,0.01533870523415978,2024,7,6,0,0,0,1,0,0,0,0,0,0,0,0,0,0,0,1,0,0,0,0,0,0,0,0,0,7450064,7686105.99,I Bought EVERY CROCS,2024-07-06
0,63480,1258.0,0.008917079889807163,2024,7,2,0,0,0,0,0,0,0,0,0,1,1,0,0,0,0,0,0,0,0,0,0,1,1,0,1,1382611,1749708.9,Pink hair is BACK üíñ,2024-07-02
24,94571,4177.0,0.013601652892561983,2024,6,29,0,0,1,1,0,0,0,0,0,0,0,0,0,0,1,1,0,0,0,0,0,0,0,0,0,5843385,6192792.35,I Bought TIKTOK SHOP vs TEMU Lost Mail,2024-06-29
67,16661,4448.0,0.0029075757575757577,2024,6,22,0,0,1,1,0,0,0,0,0,0,0,0,0,0,1,1,0,0,0,0,0,0,0,0,0,1540094,1144461.82,Testing Viral Tiktok Art Hacks! üî¥ LIVE STREAM üî¥,2024-06-22
26,121972,5744.0,0.01759173553719008,2024,6,15,0,0,1,1,0,0,0,0,0,0,0,0,0,0,1,1,0,0,0,0,0,0,0,0,0,7554709,7629731.46,I went on an UNREALISTIC PINTEREST VACATION (again),2024-06-15
13,55884,3324.0,0.008155371900826446,2024,6,8,0,0,0,1,0,0,0,0,1,0,0,0,0,0,0,1,0,0,0,0,1,0,0,0,0,3036501,3489919.79,I Bought Nostalgic MINI PRODUCTS that Actually Work!,2024-06-08
1,103590,440.0,0.014329201101928375,2024,6,3,0,1,0,0,0,0,0,0,0,0,1,0,0,1,0,0,0,0,0,0,0,0,1,0,1,2447859,2514921.37,I SHRUNK my MAKEUP,2024-06-03
0,131365,451.0,0.018156473829201103,2024,5,31,0,0,0,0,0,0,0,0,0,0,0,0,0,0,0,0,0,0,0,0,0,0,0,0,1,4320494,4315541.57,How many DRUNK ELEPHANT Samples = Free Skin Care Smoothie,2024-05-31
32,189392,15039.0,0.028158539944903582,2024,5,25,0,0,1,1,0,0,0,0,0,0,0,0,0,0,1,1,0,0,0,0,0,0,0,0,0,13001046,12767827.93,VINTAGE vs NEW Products from Our Childhood,2024-05-25
0,612975,497.0,0.08450027548209367,2024,5,17,0,0,0,0,0,0,0,0,0,0,0,0,0,0,0,0,0,0,0,0,0,0,0,0,1,16062375,14594854.26,How many Makeup SAMPLES = BIG bottle?,2024-05-17
117,20520,5767.0,0.0036207988980716255,2024,5,15,0,0,0,0,0,0,0,0,0,0,1,1,0,0,0,0,0,0,0,0,0,0,1,1,0,2126332,1893811.78,Opening DISCONTINUED TOYS From Our Childhood! üî¥ Mystery Box LIVE üî¥,2024-05-15
26,72828,3868.0,0.010564187327823691,2024,5,11,0,0,0,1,0,0,0,0,1,0,0,0,0,0,0,1,0,0,0,0,1,0,0,0,0,5847994,5999718.79,I Tested BEST vs WORST Selling SEPHORA Products,2024-05-11
21,159590,5999.0,0.02280840220385675,2024,5,4,0,0,0,1,0,0,0,0,0,0,0,0,0,0,0,1,0,0,0,0,0,0,0,0,0,9219251,10763310.39,I Found the REAL version of SCAM DRESSES (pt 2),2024-05-04
16,64590,2451.0,0.009234297520661157,2024,4,27,0,0,1,1,0,0,0,0,0,0,0,0,0,0,1,1,0,0,0,0,0,0,0,0,0,5611925,5083674.02,I Bought MINI PRODUCTS that actually work *kitchen edition*,2024-04-27
57,16676,1236.0,0.0024672176308539943,2024,4,18,0,0,0,0,0,0,1,1,0,0,0,0,0,0,0,0,0,0,1,1,0,0,0,0,0,788794,1061468.53,I Bought LOST LUGGAGE Mystery Boxes! üî¥ LIVE EXPERIENCE üî¥,2024-04-18
23,93565,3540.0,0.01337534435261708,2024,4,14,0,0,0,0,1,1,0,0,0,0,0,0,0,0,0,0,1,1,0,0,0,0,0,0,0,6077517,6075417.64,I Tested TIKTOK SHOP vs AMAZON identical products,2024-04-14
1,130397,1195.0,0.018125619834710744,2024,4,10,0,0,0,0,0,0,0,0,0,0,0,1,0,0,0,0,0,0,0,0,0,0,0,1,1,3337184,3332575.79,WHAT lipgloss fits in my VIRAL lipgloss phone case??,2024-04-10
19,89567,3013.0,0.01275206611570248,2024,4,6,0,0,0,1,0,0,0,0,1,0,0,0,0,0,0,1,0,0,0,0,1,0,0,0,0,6167515,5944305.28,I Tested UNREAL Treats from the internet,2024-04-06
16,115138,3133.0,0.01629077134986226,2024,3,30,0,0,1,1,0,0,0,0,0,0,0,0,0,0,1,1,0,0,0,0,0,0,0,0,0,5699062,5966436.98,I Bought VIRAL Aesthetic Products,2024-03-30
18,62202,2327.0,0.008888292011019283,2024,3,23,0,0,1,1,0,0,0,0,0,0,0,0,0,0,1,1,0,0,0,0,0,0,0,0,0,4057211,3759790.55,I Tested UNUSUAL Hair Products,2024-03-23
18,125377,3948.0,0.0178133608815427,2024,3,17,0,0,0,0,1,1,0,0,0,0,0,0,0,0,0,0,1,1,0,0,0,0,0,0,0,7712426,7594611.32,I Tested 1-Star YouTuber Products,2024-03-17
22,173451,4348.0,0.02449022038567493,2024,3,9,0,0,0,1,0,0,0,0,1,0,0,0,0,0,0,1,0,0,0,0,1,0,0,0,0,12022288,11085231.17,I Went on UNREALISTIC Pinterest Vacations,2024-03-09
85,10329,4754.0,0.0020775482093663912,2024,3,7,0,0,0,0,0,0,0,1,0,0,1,0,0,0,0,0,0,0,0,1,0,0,1,0,0,927224,659991.97,Customizing UGGS and Giving them Away! üî¥ LIVE EXPERIENCE üî¥,2024-03-07
16,62766,2028.0,0.008924793388429752,2024,2,17,0,0,1,1,0,0,0,0,0,0,0,0,0,0,1,1,0,0,0,0,0,0,0,0,0,3288710,3282287.94,I Tested KYLIE COSMETICS vs SKKN BY KIM,2024-02-17
1,699441,6909.0,0.09729338842975206,2024,2,13,0,0,0,0,0,0,0,0,1,1,0,0,0,0,0,0,0,0,0,0,1,1,0,0,1,17434367,17011619.31,putting Antarctica ICE into a DRINK,2024-02-13
10,85794,2486.0,0.012159779614325069,2024,2,3,0,0,1,1,0,0,0,0,0,0,0,0,0,0,1,1,0,0,0,0,0,0,0,0,0,7361251,4464867.96,I Bought MINI BEAUTY PRODUCTS that actually work,2024-02-03
12,80606,2612.0,0.011462534435261709,2024,1,27,0,0,1,1,0,0,0,0,0,0,0,0,0,0,1,1,0,0,0,0,0,0,0,0,0,4945894,4735649.23,I Bought SATISFYING Viral TikTok Products,2024-01-27
15,105308,3117.0,0.01493457300275482,2024,1,13,0,0,1,1,0,0,0,0,0,0,0,0,0,0,1,1,0,0,0,0,0,0,0,0,0,5019712,5711185.56,I Bought the SAME Products from TIKTOK SHOP vs AMAZON *not sponsored*,2024-01-13
121,17874,4335.0,0.003059090909090909,2024,1,3,0,0,0,0,0,0,0,0,0,0,0,1,0,0,0,0,0,0,0,0,0,0,0,1,0,1694044,1780414.12,Customizing Apple Products and Giving them Away! üî¥ LIVE EXPERIENCE üî¥,2024-01-03
33,158445,17718.0,0.024264876033057853,2023,12,30,0,0,1,1,0,0,0,0,0,0,0,0,0,0,1,1,0,0,0,0,0,0,0,0,0,10404170,12137493.11,I Bought EVERY American Girl Doll EVER (1986 - 2024),2023-12-30
0,145586,655.0,0.020143388429752065,2023,12,24,0,0,0,0,1,1,0,0,0,0,0,0,0,0,0,0,1,1,0,0,0,0,0,0,1,4702956,4543374.39,3 MOST CURSED Outfits in my Closet,2023-12-24
22,155644,7016.0,0.02240495867768595,2023,12,17,0,0,0,0,1,1,0,0,0,0,0,0,0,0,0,0,1,1,0,0,0,0,0,0,0,9514549,9835901.39,I Bought 100 UNCLAIMED MAIL PACKAGES,2023-12-17
20,123447,7859.0,0.018086225895316804,2023,12,9,0,0,0,1,0,0,0,0,1,0,0,0,0,0,0,1,0,0,0,0,1,0,0,0,0,9761274,9179694.66,I Bought DISCONTINUED Products from our CHILDHOOD (again),2023-12-09
17,73514,3384.0,0.010592011019283747,2023,11,26,0,0,0,0,1,1,0,0,0,0,0,0,0,0,0,0,1,1,0,0,0,0,0,0,0,5381293,5307811.19,I Bought UNUSUAL Beauty Products,2023-11-26
14,33604,1562.0,0.004843801652892562,2023,11,4,0,0,0,1,0,0,0,0,1,0,0,0,0,0,0,1,0,0,0,0,1,0,0,0,0,1926669,1831556.68,Melting ULTRA Realistic VIRAL TikTok Candles,2023-11-04
56,9963,2596.0,0.0017298898071625344,2023,10,28,0,0,1,1,0,0,0,0,0,0,0,0,0,0,1,1,0,0,0,0,0,0,0,0,0,561151,572791.64,I Bought EVERY KYLIE X BRATZ Doll üî¥ LIVE EXPERIENCE üî¥,2023-10-28
0,812126,1877.0,0.11212162534435262,2023,10,26,0,0,0,0,0,0,1,1,0,0,0,0,0,0,0,0,0,0,1,1,0,0,0,0,1,68137115,46711126.44,4 Halloween Costume Options,2023-10-26
14,63541,2393.0,0.009081818181818182,2023,10,21,0,0,1,1,0,0,0,0,0,0,0,0,0,0,1,1,0,0,0,0,0,0,0,0,0,2794889,3338646.58,I Bought 250 MYSTERY Costumes for CHEAP,2023-10-21
20,113101,4773.0,0.01623608815426997,2023,10,7,1,0,0,1,0,0,0,0,0,0,0,0,1,0,0,1,0,0,0,0,0,0,0,0,0,7355203,7322016.29,FAILED and FORGOTTEN PRODUCTS of Disney Channel Stars,2023-10-07
84,10994,2151.0,0.0018106060606060605,2023,9,30,0,0,1,1,0,0,0,0,0,0,0,0,0,0,1,1,0,0,0,0,0,0,0,0,0,911374,807882.42,Baking a Realistic CAKE üî¥ LIVE EXPERIENCE üî¥,2023-09-30
0,181338,2864.0,0.025372176308539943,2023,9,26,0,0,0,0,0,0,0,0,1,1,0,0,0,0,0,0,0,0,0,0,1,1,0,0,1,3226447,4390683.53,I DYED MY HAIR PINK,2023-09-26
28,127959,4574.0,0.018255234159779615,2023,9,24,0,0,0,0,1,1,0,0,0,0,0,0,0,0,0,0,1,1,0,0,0,0,0,0,0,10155760,9386969.62,I Actually Bought 100 Tiktok Shop Products,2023-09-24
13,166387,6213.0,0.02377410468319559,2023,9,9,0,0,1,1,0,0,0,0,0,0,0,0,0,0,1,1,0,0,0,0,0,0,0,0,0,10659027,10979046.78,I Bought the Internet's MOST ADORABLE Products,2023-09-09
17,81433,3902.0,0.011754132231404958,2023,8,27,0,0,0,0,1,1,0,0,0,0,0,0,0,0,0,0,1,1,0,0,0,0,0,0,0,6564397,5990307.11,I Bought Discontinued BEAUTY Products from our CHILDHOOD,2023-08-27
1,279218,831.0,0.03857424242424243,2023,8,23,0,0,0,0,0,0,0,0,0,0,1,1,0,0,0,0,0,0,0,0,0,0,1,1,1,6492741,7228089.16,3 CURSED Hair Tools that shouldn‚Äôt exist,2023-08-23
65,17449,4535.0,0.003028099173553719,2023,8,16,0,0,0,0,0,0,0,0,0,0,1,1,0,0,0,0,0,0,0,0,0,0,1,1,0,1396933,1134406.44,Testing Viral Tiktok Art Hacks üî¥ LIVE EXPERIENCE üî¥,2023-08-16
15,156097,5316.0,0.022233195592286502,2023,8,6,0,0,0,0,0,1,1,0,0,0,0,0,0,0,0,0,0,1,1,0,0,0,0,0,0,11384862,11169053.63,I Bought Tiktok‚Äôs RAREST Products,2023-08-06
19,120554,5837.0,0.01740922865013774,2023,7,29,0,0,1,1,0,0,0,0,0,0,0,0,0,0,1,1,0,0,0,0,0,0,0,0,0,7419069,7480869.96,"$1 vs $1,000 Curling Iron!",2023-07-29
1,382785,868.0,0.05284476584022039,2023,7,22,0,0,1,1,0,0,0,0,0,0,0,0,0,0,1,1,0,0,0,0,0,0,0,0,1,6916889,8458826.0,EVERY Barbie Dreamhouse TV! (1962-2023),2023-07-22
71,29431,5332.0,0.004788292011019284,2023,7,20,0,0,0,0,0,0,1,1,0,0,0,0,0,0,0,0,0,0,1,1,0,0,0,0,0,2124079,2058325.99,I Bought Discontinued Barbies From Our Childhood üî¥ LIVE EXPERIENCE üî¥,2023-07-20
22,304355,24669.0,0.045320110192837465,2023,7,15,0,0,1,1,0,0,0,0,0,0,0,0,0,0,1,1,0,0,0,0,0,0,0,0,0,20493662,18837460.55,I Bought Every Barbie Dreamhouse EVER,2023-07-15
0,113006,620.0,0.015650964187327823,2023,7,11,0,0,0,0,0,0,0,0,1,1,0,0,0,0,0,0,0,0,0,0,1,1,0,0,1,3235150,3323893.96,I Bought EVERY Barbie Movie outfit,2023-07-11
10,113731,2524.0,0.016013085399449036,2023,7,8,1,0,0,1,0,0,0,0,0,0,0,0,1,0,0,1,0,0,0,0,0,0,0,0,0,6050787,5543407.42,I Bought UNREALISTIC Instagram Products,2023-07-08
1,718017,2385.0,0.09922892561983471,2023,7,3,0,1,0,0,0,0,0,0,1,0,0,0,0,1,0,0,0,0,0,0,1,0,0,0,1,10054600,13601574.82,I Made my BARBIE Dream Shoes,2023-07-03
22,166574,10246.0,0.024355371900826445,2023,6,24,0,0,1,1,0,0,0,0,0,0,0,0,0,0,1,1,0,0,0,0,0,0,0,0,0,12655504,11842280.36,I Bought LOST TEMU PACKAGES for CHEAP,2023-06-24
58,24258,3023.0,0.0037577134986225896,2023,6,17,0,0,1,1,0,0,0,0,0,0,0,0,0,0,1,1,0,0,0,0,0,0,0,0,0,1349686,1268761.5,Opening a 100 lb MYSTERY Bale of Clothes! üî¥ LIVE EXPERIENCE üî¥,2023-06-17
15,130484,5792.0,0.018770798898071626,2023,6,10,0,0,0,1,0,0,0,0,0,0,0,0,0,0,0,1,0,0,0,0,0,0,0,0,0,16207540,13403360.9,I Bought SATISFYING VIRAL Tiktok BEAUTY Products,2023-06-10
12,132082,4048.0,0.01875068870523416,2023,6,3,1,0,0,1,0,0,0,0,0,0,0,0,1,0,0,1,0,0,0,0,0,0,0,0,0,7074038,7838800.93,I Bought UNREALISTIC Pinterest WEDDING DRESSES for CHEAP,2023-06-03
1,977512,3496.0,0.13512506887052342,2023,5,28,0,0,0,0,1,1,0,0,0,0,0,0,0,0,0,0,1,1,0,0,0,0,0,0,1,28411101,32761134.57,I bought a POPCORN CLOTHES collection!,2023-05-28
63,14638,3797.0,0.0025392561983471076,2023,5,25,0,0,0,0,0,0,1,1,0,0,0,0,0,0,0,0,0,0,1,1,0,0,0,0,0,719980,840906.37,Customizing CHANEL BAGS and GIVING them AWAY! üî¥ LIVE EXPERIENCE üî¥,2023-05-25
18,306968,17637.0,0.044711432506887056,2023,5,20,0,0,1,1,0,0,0,0,0,0,0,0,0,0,1,1,0,0,0,0,0,0,0,0,0,22134538,19385770.72,I Bought DISCONTINUED Products from Our Childhood,2023-05-20
13,86301,2498.0,0.012231267217630855,2023,5,14,0,0,0,0,1,1,0,0,0,0,0,0,0,0,0,0,1,1,0,0,0,0,0,0,0,4962515,4841874.25,I Bought Fashion from the FUTURE,2023-05-14
11,83938,3468.0,0.01203939393939394,2023,4,30,0,0,0,0,1,1,0,0,0,0,0,0,0,0,0,0,1,1,0,0,0,0,0,0,0,3943592,4635128.43,I MADE 4 Iconic CELEBRITY DRESSES for CHEAP,2023-04-30
65,30508,5068.0,0.0049002754820936635,2023,4,27,0,0,0,0,0,0,1,1,0,0,0,0,0,0,0,0,0,0,1,1,0,0,0,0,0,2582884,2356374.02,Opening LOST MAIL Packages üî¥ LIVE EXPERIENCE üî¥,2023-04-27
11,147496,4494.0,0.02093526170798898,2023,4,22,0,0,1,1,0,0,0,0,0,0,0,0,0,0,1,1,0,0,0,0,0,0,0,0,0,7464839,7862320.7,I Bought the REAL VERSION of SCAM DRESSES,2023-04-22
0,383378,1656.0,0.053034986225895316,2023,4,16,0,0,0,0,1,1,0,0,0,0,0,0,0,0,0,0,1,1,0,0,0,0,0,0,1,7851292,8445332.37,I made a Sunset Ombr√© WEDDING DRESS,2023-04-16
19,157399,5694.0,0.02246460055096419,2023,4,2,0,0,1,0,0,1,0,0,0,0,0,0,0,0,1,0,0,1,0,0,0,0,0,0,0,15081592,13574951.8,I Bought UNREALISTIC Beauty Products,2023-04-02
0,1321539,2021.0,0.1823085399449036,2023,3,17,0,0,0,0,0,0,0,0,0,0,0,0,0,0,0,0,0,0,0,0,0,0,0,0,1,29902369,36230119.04,I made LAVA LAMP SHOES,2023-03-17
78,15056,3677.0,0.0025803030303030304,2023,3,16,0,0,0,0,0,0,1,1,0,0,0,0,0,0,0,0,0,0,1,1,0,0,0,0,0,1587947,1350519.04,Testing TikTok Art Hacks! üî¥ LIVE STREAM üî¥,2023-03-16
15,131237,8472.0,0.01924366391184573,2023,3,12,0,0,0,0,1,1,0,0,0,0,0,0,0,0,0,0,1,1,0,0,0,0,0,0,0,12576506,10933815.8,I Bought VIRAL TIKTOK Products from our Childhood,2023-03-12
10,60247,2660.0,0.008664876033057852,2023,3,5,0,0,0,0,0,1,0,0,0,0,1,0,0,0,0,0,0,1,0,0,0,0,1,0,0,5196312,4473446.95,The World's Biggest MINI Collection,2023-03-05
13,161726,4029.0,0.022831267217630853,2023,2,26,0,0,0,0,1,1,0,0,0,0,0,0,0,0,0,0,1,1,0,0,0,0,0,0,0,8770757,8779447.92,I Bought UNREALISTIC Pinterest Products,2023-02-26
20,237155,5069.0,0.03336418732782369,2023,2,18,0,0,1,1,0,0,0,0,0,0,0,0,0,0,1,1,0,0,0,0,0,0,0,0,0,7143230,8883707.74,Rating 10 POPULAR YouTuber Brands,2023-02-18
10,105848,4388.0,0.015184022038567493,2023,2,4,0,0,0,1,1,0,0,0,0,0,0,0,0,0,0,1,1,0,0,0,0,0,0,0,0,9541365,8014005.43,I Bought SATISFYING Viral TikTok Products,2023-02-04
0,189282,1844.0,0.026325895316804408,2023,2,3,0,0,0,0,0,0,1,0,0,0,0,0,0,0,0,0,0,0,1,0,0,0,0,0,1,7249746,6761455.95,this dress is MAGIC,2023-02-03
13,136630,8064.0,0.01993030303030303,2023,1,29,0,0,0,0,1,1,0,0,0,0,0,0,0,0,0,0,1,1,0,0,0,0,0,0,0,7991926,10553981.71,I Bought 200 LOST MAIL Packages,2023-01-29
0,111867,388.0,0.015462121212121212,2023,1,24,0,0,0,0,0,0,0,0,1,1,0,0,0,0,0,0,0,0,0,0,1,1,0,0,1,3008874,3405139.44,Will POP ROCKS turn into cotton candy?! *disaster*,2023-01-24
93,12350,3423.0,0.002172589531680441,2023,1,21,0,0,1,1,0,0,0,0,0,0,0,0,0,0,1,1,0,0,0,0,0,0,0,0,0,1655854,1373305.06,Customizing Sneakers and Giving them Away! üî¥ LIVE STREAM üî¥,2023-01-21
1,126536,1744.0,0.017669421487603306,2023,1,20,0,0,0,0,0,0,0,0,0,0,0,0,0,0,0,0,0,0,0,0,0,0,0,0,1,2395207,3091071.59,Will it COTTON CANDY?! Carmel Apple Pop Edition,2023-01-20
14,128791,4776.0,0.018397658402203858,2023,1,14,0,0,1,1,0,0,0,0,0,0,0,0,0,0,1,1,0,0,0,0,0,0,0,0,0,11722225,10771361.61,I Bought VIRAL TikTok Candy,2023-01-14
1,1823283,22280.0,0.25420977961432506,2023,1,13,0,0,0,0,0,0,0,0,0,0,0,0,0,0,0,0,0,0,0,0,0,0,0,0,1,50224206,45078514.07,I put A FISH in my CLEAR SHOES,2023-01-13
1,968486,13010.0,0.1351922865013774,2023,1,8,0,0,0,0,0,1,0,0,1,0,0,0,0,0,0,0,0,1,0,0,1,0,0,0,1,32209083,33517624.94,I made ORBEEZ SHOES,2023-01-08
17,131121,5626.0,0.018835674931129476,2023,1,1,0,0,0,0,1,1,0,0,0,0,0,0,0,0,0,0,1,1,0,0,0,0,0,0,0,9297548,10039934.02,"I Spent $10,000 on an LUXURY ABANDONED STORAGE UNIT",2023-01-01
1,303832,612.0,0.04193443526170799,2022,12,28,0,0,0,0,0,0,0,0,0,0,1,1,0,0,0,0,0,0,0,0,0,0,1,1,1,18468012,13162861.74,I MADE A SPRAY ON DRESS üçú üëó,2022-12-28
35,13065,2407.0,0.002131129476584022,2022,12,23,0,0,0,0,0,0,0,0,0,0,0,0,0,0,0,0,0,0,0,0,0,0,0,0,0,548789,583385.9,I Bought Shoe RETURNS for CHEAP üî¥ LIVE STREAM üî¥,2022-12-23
0,109717,1037.0,0.015255371900826447,2022,12,21,0,0,0,0,0,0,0,0,0,0,1,1,0,0,0,0,0,0,0,0,0,0,1,1,1,2821413,3001482.11,Choosing my Christmas outfit üéÑ,2022-12-21
12,142522,3958.0,0.020176308539944905,2022,12,17,0,0,1,1,0,0,0,0,0,0,0,0,0,0,1,1,0,0,0,0,0,0,0,0,0,9955167,9324105.45,I Bought UNREALISTIC PINTEREST Accessories,2022-12-17
10,105986,4085.0,0.01516129476584022,2022,12,10,0,0,0,1,0,0,0,0,0,0,1,0,0,0,0,1,0,0,0,0,0,0,1,0,0,4059285,5042066.16,I Bought a LIGHT UP Wardrobe,2022-12-10
0,131589,2343.0,0.01844793388429752,2022,12,4,0,0,0,0,0,1,0,0,1,0,0,0,0,0,0,0,0,1,0,0,1,0,0,0,1,3217664,4241527.87,I CANT CHOOSE A STREAMY AWARDS OUTFIT üì∏ üçøüëó,2022-12-04
13,177559,5041.0,0.02515151515151515,2022,12,3,0,0,1,1,0,0,0,0,0,0,0,0,0,0,1,1,0,0,0,0,0,0,0,0,0,15499449,13950804.52,I Bought the most SATISFYING Viral Tiktok Products,2022-12-03
1,378628,967.0,0.05228581267217631,2022,12,1,0,0,0,0,0,0,0,1,0,0,1,0,0,0,0,0,0,0,0,1,0,0,1,0,1,7590589,8045086.82,Transforming my DIOR bag with CRYSTALS,2022-12-01
12,125043,4451.0,0.0178366391184573,2022,11,26,0,0,1,1,0,0,0,0,0,0,0,0,0,0,1,1,0,0,0,0,0,0,0,0,0,8516787,7660891.61,I Bought MINI PRODUCTS that Actually Work + a MINI HOUSE,2022-11-26
14,78466,2971.0,0.011217217630853994,2022,11,20,0,0,0,0,1,1,0,0,0,0,0,0,0,0,0,0,1,1,0,0,0,0,0,0,0,3854002,3969284.61,I Bought CRIME EVIDENCE Packages for CHEAP,2022-11-20
0,97167,656.0,0.013474242424242425,2022,11,16,0,0,0,0,0,0,0,0,0,0,1,1,0,0,0,0,0,0,0,0,0,0,1,1,1,2794858,2854243.3,I‚Äôm the problem it‚Äôs me‚Ä¶ #shorts #tsantiherochallenge,2022-11-16
1,348157,658.0,0.048046143250688705,2022,11,13,0,0,0,0,1,1,0,0,0,0,0,0,0,0,0,0,1,1,0,0,0,0,0,0,1,6749970,9145897.95,Is my DESIGNER bag REAL or FAKE??,2022-11-13
45,18403,2386.0,0.0028634986225895315,2022,11,13,0,0,0,0,1,1,0,0,0,0,0,0,0,0,0,0,1,1,0,0,0,0,0,0,0,763164,885255.51,I Got 13 DESIGNER Wedding Dresses for FREE / GIVING THEM AWAY  üî¥ LIVE STREAM üî¥,2022-11-13
10,85518,3089.0,0.012204820936639119,2022,11,5,0,0,0,1,0,0,0,0,0,0,1,0,0,0,0,1,0,0,0,0,0,0,1,0,0,4357393,4398825.94,RUTHLESS REVIEW of SKIMS Dresses,2022-11-05
12,90918,8848.0,0.013741873278236914,2022,10,29,0,0,1,1,0,0,0,0,0,0,0,0,0,0,1,1,0,0,0,0,0,0,0,0,0,3184796,4007095.03,"I Bought from Amazon ""Luxury""",2022-10-29
12,145008,3437.0,0.020446969696969696,2022,10,22,0,0,1,1,0,0,0,0,0,0,0,0,0,0,1,1,0,0,0,0,0,0,0,0,0,7648666,7556911.23,I Bought Unrealistic Pinterest Outfits for CHEAP,2022-10-22
83,9462,1208.0,0.0014696969696969698,2022,10,20,0,0,0,0,0,0,1,1,0,0,0,0,0,0,0,0,0,0,1,1,0,0,0,0,0,541299,539396.16,Customizing an HERMES Bag & GIVING IT AWAY! üî¥ LIVE STREAM üî¥,2022-10-20
11,131954,5778.0,0.018971349862258954,2022,10,16,0,0,0,0,1,1,0,0,0,0,0,0,0,0,0,0,1,1,0,0,0,0,0,0,0,8952819,8953489.62,I Bought the 10 most VIRAL Tiktok Products,2022-10-16
10,79980,2732.0,0.011392837465564739,2022,10,9,0,0,1,0,0,1,0,0,0,0,0,0,0,0,1,0,0,1,0,0,0,0,0,0,0,3537700,3974590.14,I Bought Celebrity Wedding Dress Remakes for CHEAP,2022-10-09
12,77455,4819.0,0.011332506887052342,2022,9,24,0,0,1,1,0,0,0,0,0,0,0,0,0,0,1,1,0,0,0,0,0,0,0,0,0,4265021,4176537.37,Rating YOUTUBER's Products,2022-09-24
9,133925,3554.0,0.01893650137741047,2022,9,18,0,0,0,0,1,1,0,0,0,0,0,0,0,0,0,0,1,1,0,0,0,0,0,0,0,7442585,6896700.05,I Bought Custom VIRAL Tiktok Dresses,2022-09-18
10,113766,5669.0,0.016451101928374654,2022,9,11,0,0,0,0,0,1,0,0,0,0,1,0,0,0,0,0,0,1,0,0,0,0,1,0,0,8638322,7518056.74,I Bought MINI PRODUCTS that Actually Work,2022-09-11
10,119764,4032.0,0.017051790633608815,2022,9,4,0,0,1,0,0,1,0,0,0,0,0,0,0,0,1,0,0,1,0,0,0,0,0,0,0,5499603,6118880.82,I Bought Unrealistic Pinterest Dresses for CHEAP,2022-09-04
46,20457,2849.0,0.003210192837465565,2022,9,1,0,0,0,0,1,0,0,1,0,0,0,0,0,0,0,0,1,0,0,1,0,0,0,0,0,666521,997709.66,I Shopped Kim Kardashian‚Äôs Closet for YOU üî¥ LIVE STREAM üî¥,2022-09-01
9,95493,6406.0,0.014035674931129477,2022,8,28,0,0,0,0,1,1,0,0,0,0,0,0,0,0,0,0,1,1,0,0,0,0,0,0,0,4684893,4582644.53,I Opened a $0.01 Yard Sale of LOST CARGO,2022-08-28
1,241364,597.0,0.03332796143250689,2022,8,25,0,0,0,0,0,0,1,1,0,0,0,0,0,0,0,0,0,0,1,1,0,0,0,0,1,4423589,5975885.55,I Bought LOST CARGO and RETURNED it to the Owner,2022-08-25
15,181206,8949.0,0.026192148760330578,2022,8,21,0,0,0,0,1,1,0,0,0,0,0,0,0,0,0,0,1,1,0,0,0,0,0,0,0,12467912,11870155.18,I Bought a TRUCKLOAD of LOST CARGO Packages,2022-08-21
11,129597,4816.0,0.01851418732782369,2022,8,6,0,0,0,1,0,0,0,0,0,0,1,0,0,0,0,1,0,0,0,0,0,0,1,0,0,8864491,8535198.44,I Bought the 5 Most VIRAL Tiktok Products,2022-08-06
13,70769,3661.0,0.01025206611570248,2022,7,23,0,0,1,1,0,0,0,0,0,0,0,0,0,0,1,1,0,0,0,0,0,0,0,0,0,5258567,4752850.49,I Survived in the World‚Äôs LONGEST HAIR EXTENSIONS,2022-07-23
23,211636,6476.0,0.03004297520661157,2022,7,10,0,0,0,0,0,1,0,0,0,0,0,0,0,0,0,0,0,1,0,0,0,0,0,0,0,9613217,10512201.82,I Surprised Brides with their DREAM Wedding Dress *unlimited budget*,2022-07-10
14,101604,4656.0,0.014636363636363637,2022,6,26,0,0,0,0,1,1,0,0,0,0,0,0,0,0,0,0,1,1,0,0,0,0,0,0,0,3481293,4561137.29,I Bought LOST LUGGAGE and RETURNED IT to the Owner + ft Safiya Nygaard,2022-06-26
9,121726,9148.0,0.0180267217630854,2022,6,11,0,0,0,1,1,0,0,0,0,0,0,0,0,0,0,1,1,0,0,0,0,0,0,0,0,4356691,5224789.08,I Shopped at Amazon‚Äôs FIRST STORE for CHEAP,2022-06-11
8,122030,2754.0,0.017187878787878787,2022,5,28,0,0,1,1,0,0,0,0,0,0,0,0,0,0,1,1,0,0,0,0,0,0,0,0,0,6925253,5225011.44,I Ordered the 5 most VIRAL Tiktok Products,2022-05-28
16,91903,3341.0,0.01311900826446281,2022,5,21,0,0,1,1,0,0,0,0,0,0,0,0,0,0,1,1,0,0,0,0,0,0,0,0,0,5751972,4820304.06,Rating ‚ÄúCelebrity‚Äù Brands,2022-05-21
12,76029,2186.0,0.010773415977961432,2022,5,14,0,0,1,1,0,0,0,0,0,0,0,0,0,0,1,1,0,0,0,0,0,0,0,0,0,3767172,3817300.25,I Bought Salvaged RETURNS for CHEAP,2022-05-14
116,17661,1755.0,0.0026743801652892563,2022,5,6,0,0,0,0,1,0,0,0,0,0,0,0,0,0,0,0,1,0,0,0,0,0,0,0,0,2144442,1932679.0,Customizing a Louis Vuitton Bag and GIVING IT AWAY! üî¥ LIVE STREAM üî¥,2022-05-06
11,70141,2346.0,0.009984435261707988,2022,4,30,0,0,1,1,0,0,0,0,0,0,0,0,0,0,1,1,0,0,0,0,0,0,0,0,0,3330488,3628142.63,I Bought the CHEAPEST WEDDING DRESSES Online,2022-04-30
1,2598356,5347.0,0.3586367768595041,2022,4,28,0,0,0,0,0,0,1,1,0,0,0,0,0,0,0,0,0,0,1,1,0,0,0,0,1,46694856,48099783.21,"Making Kardashian $7,000 Swarovski Crystal Boots for CHEAP",2022-04-28
10,84430,3058.0,0.01205068870523416,2022,4,23,0,0,1,1,0,0,0,0,0,0,0,0,0,0,1,1,0,0,0,0,0,0,0,0,0,3555904,3845489.5,RUTHLESS REVIEW of YITTY by LIZZO Shapewear (aka fabletics),2022-04-23
13,115188,10757.0,0.017347796143250688,2022,4,9,0,0,0,1,1,0,0,0,0,0,0,0,0,0,0,1,1,0,0,0,0,0,0,0,0,4531219,5575572.71,I Bought NORDSTROM RETURNS for CHEAP,2022-04-09
19,124961,3811.0,0.017737190082644627,2022,4,3,0,0,0,0,0,1,0,0,0,0,0,0,0,0,0,0,0,1,0,0,0,0,0,0,0,8016021,7387253.81,Rating ‚ÄúYouTuber‚Äù Brands,2022-04-03
9,104302,9148.0,0.0156267217630854,2022,3,27,0,0,0,0,1,1,0,0,0,0,0,0,0,0,0,0,1,1,0,0,0,0,0,0,0,4722813,5198468.13,RUTHLESS REVIEW of Skims Swim,2022-03-27
19,164631,5205.0,0.023393388429752065,2022,3,19,0,0,1,1,0,0,0,0,0,0,0,0,0,0,1,1,0,0,0,0,0,0,0,0,0,10746604,10952225.17,I Bought 100 LOST MAIL Packages,2022-03-19
12,103033,2734.0,0.014568457300275481,2022,3,5,0,0,0,1,0,0,0,0,1,0,0,0,0,0,0,1,0,0,0,0,1,0,0,0,0,7299858,6547127.52,I Tested the 5 most VIRAL Tiktok Products,2022-03-05
9,60882,2406.0,0.008717355371900826,2022,2,20,0,0,0,0,1,1,0,0,0,0,0,0,0,0,0,0,1,1,0,0,0,0,0,0,0,2851506,3078066.78,I Won 7 WEDDING DRESSES at an Auction,2022-02-20
11,93863,1955.0,0.013198071625344353,2022,2,13,0,0,0,0,1,1,0,0,0,0,0,0,0,0,0,0,1,1,0,0,0,0,0,0,0,3848717,4180474.82,I Bought USED TV Show Costumes for CHEAP at THIS STORE,2022-02-13
20,86459,2625.0,0.01227052341597796,2022,2,4,0,0,1,0,0,0,0,0,0,0,0,0,0,0,1,0,0,0,0,0,0,0,0,0,0,5738380,5241797.0,The FAILED and FORGOTTEN Brands of the KARDASHIANS,2022-02-04
9,114930,2403.0,0.016161570247933885,2022,1,27,0,0,0,0,0,0,1,1,0,0,0,0,0,0,0,0,0,0,1,1,0,0,0,0,0,5622095,5137098.38,I Bought VIRAL Tiktok Dresses,2022-01-27
8,130007,3518.0,0.018391873278236916,2022,1,23,0,0,0,0,1,1,0,0,0,0,0,0,0,0,0,0,1,1,0,0,0,0,0,0,0,5593526,6453530.04,"I Lost $7,000 on Fake Luxury Items.. or did I?",2022-01-23
18,256051,11388.0,0.03683732782369146,2022,1,13,0,0,0,0,0,0,1,1,0,0,0,0,0,0,0,0,0,0,1,1,0,0,0,0,0,14969098,13209324.58,"I Spent $7,000 on LOST CARGO Packages",2022-01-13
10,80102,1793.0,0.011280303030303031,2022,1,7,0,0,0,0,0,0,0,0,0,0,0,0,0,0,0,0,0,0,0,0,0,0,0,0,0,4169957,3895234.0,I Bought Brands that STOLE my Videos for Ads,2022-01-07
65,21145,1803.0,0.0031608815426997245,2021,12,31,0,0,0,0,0,0,0,0,0,0,0,0,0,0,0,0,0,0,0,0,0,0,0,0,0,1291682,1282736.41,Everything I KEPT from LOST CARGO üî¥ LIVE STREAM üî¥,2021-12-31
15,245286,6826.0,0.03472617079889807,2021,12,23,0,0,0,0,0,0,1,1,0,0,0,0,0,0,0,0,0,0,1,1,0,0,0,0,0,10206372,10700733.52,I Bought LOST Cargo Packages for CHEAP,2021-12-23
10,63953,2589.0,0.00916556473829201,2021,12,16,0,0,0,0,0,0,1,1,0,0,0,0,0,0,0,0,0,0,1,1,0,0,0,0,0,2202214,2919583.36,I Bought my Favorite MOVIE DRESSES,2021-12-16
8,85910,2620.0,0.012194214876033059,2021,12,12,0,0,0,0,1,1,0,0,0,0,0,0,0,0,0,0,1,1,0,0,0,0,0,0,0,3613002,3749052.95,I Bought USED Kardashian Clothes & Recreated THEIR Photos,2021-12-12
8,30260,1889.0,0.004428236914600551,2021,12,5,0,0,0,0,0,1,0,0,0,0,1,0,0,0,0,0,0,1,0,0,0,0,1,0,0,1048108,1062958.77,I Bought ACTIVEWEAR Returns for CHEAP,2021-12-05
9,82998,1502.0,0.011639118457300276,2021,12,1,0,0,0,0,0,0,0,0,1,0,0,1,0,0,0,0,0,0,0,0,1,0,0,1,0,4831893,3953498.45,I Bought Tiktok‚Äôs WORST Fashion FAILS,2021-12-01
10,78573,3602.0,0.011318870523415977,2021,11,25,0,0,0,0,0,0,1,1,0,0,0,0,0,0,0,0,0,0,1,1,0,0,0,0,0,3494862,3614602.12,RUTHLESS REVIEW of Skims X Fendi,2021-11-25
82,6618,477.0,0.0009772727272727272,2021,11,20,0,0,1,1,0,0,0,0,0,0,0,0,0,0,1,1,0,0,0,0,0,0,0,0,0,602116,509974.87,Black Friday Sales Shopping Guide üî¥ LIVE STREAM üî¥,2021-11-20
10,85651,2908.0,0.012198209366391185,2021,11,18,0,0,0,0,0,0,1,1,0,0,0,0,0,0,0,0,0,0,1,1,0,0,0,0,0,3692040,3943375.61,I Bought PROM DRESS RETURNS for CHEAP,2021-11-18
7,98804,13757.0,0.01550426997245179,2021,11,11,0,0,0,0,0,0,1,1,0,0,0,0,0,0,0,0,0,0,1,1,0,0,0,0,0,5873024,5486118.61,I Bought BACK my OWN LOST LUGGAGE,2021-11-11
10,176256,5403.0,0.025021900826446283,2021,11,3,0,0,0,0,0,0,1,0,0,0,0,1,0,0,0,0,0,0,1,0,0,0,0,1,0,8295964,9828931.8,I Bought the 5 most VIRAL Tiktok Products,2021-11-03
11,77130,7116.0,0.011604132231404959,2021,10,28,0,0,0,0,0,0,1,1,0,0,0,0,0,0,0,0,0,0,1,1,0,0,0,0,0,2839317,3284439.97,I Bought Iconic MOVIE DRESSES,2021-10-28
53,6905,781.0,0.0010586776859504133,2021,10,23,0,0,1,1,0,0,0,0,0,0,0,0,0,0,1,1,0,0,0,0,0,0,0,0,0,355241,497076.26,Pursue X Hope Review / Launch Party! üî¥ LIVE STREAM üî¥,2021-10-23
11,48401,1772.0,0.006910881542699724,2021,10,21,0,0,0,0,0,0,1,1,0,0,0,0,0,0,0,0,0,0,1,1,0,0,0,0,0,2434012,2351628.49,"I Spent $2,000 on DIGITAL FASHION from the FUTURE",2021-10-21
11,85773,3508.0,0.012297658402203857,2021,10,14,0,0,0,0,0,0,1,1,0,0,0,0,0,0,0,0,0,0,1,1,0,0,0,0,0,4522047,4446676.8,I Bought WEDDING DRESS Returns for CHEAP,2021-10-14
10,125068,3715.0,0.01773870523415978,2021,10,6,0,0,0,0,0,0,1,0,0,0,0,1,0,0,0,0,0,0,1,0,0,0,0,1,0,5490240,5823335.91,RUTHLESS REVIEW of Kylie Swim‚Ä¶ *a disaster*,2021-10-06
9,63036,2167.0,0.008981129476584021,2021,9,22,0,0,0,0,0,0,0,0,0,0,1,1,0,0,0,0,0,0,0,0,0,0,1,1,0,2826315,3042831.48,I Bought FAMOUS MOVIE DRESSES,2021-09-22
13,17621,1945.0,0.0026950413223140496,2021,9,15,0,0,0,0,0,0,0,0,0,0,1,1,0,0,0,0,0,0,0,0,0,0,1,1,0,554165,635639.71,RUTHLESS Review of Gymshark X Whitney Simmons V3 / MEDIUM Size,2021-09-15
21,62410,3065.0,0.009018595041322314,2021,9,12,0,0,0,0,0,1,1,0,0,0,0,0,0,0,0,0,0,1,1,0,0,0,0,0,0,4335664,4195422.14,I Bought ‚ÄúYouTuber‚Äù Products,2021-09-12
12,30405,2624.0,0.004549449035812672,2021,8,29,0,0,0,0,1,1,0,0,0,0,0,0,0,0,0,0,1,1,0,0,0,0,0,0,0,1020359,1069996.77,"Getting Rid of My $100,000 Legging Collection..",2021-08-29
13,19363,2643.0,0.003031129476584022,2021,8,22,0,0,0,0,1,1,0,0,0,0,0,0,0,0,0,0,1,1,0,0,0,0,0,0,0,690744,728976.6,"RUTHLESS Review of Gymshark - Butterfly, Fleck, and Vital 2.0",2021-08-22
9,53100,1275.0,0.0074896694214876035,2021,8,15,0,0,0,0,1,1,0,0,0,0,0,0,0,0,0,0,1,1,0,0,0,0,0,0,0,2974734,2573683.95,I Bought the WORST Selling Fashion Nova Items... again,2021-08-15
8,36248,1100.0,0.005144352617079889,2021,8,8,0,0,0,0,1,1,0,0,0,0,0,0,0,0,0,0,1,1,0,0,0,0,0,0,0,1715201,1704045.66,I Bought USED Christine Quinn Clothes! Recreating Selling Sunset Looks,2021-08-08
8,17470,1942.0,0.0026738292011019285,2021,7,28,0,0,0,0,0,0,0,0,0,0,1,1,0,0,0,0,0,0,0,0,0,0,1,1,0,757730,724180.27,Lululemon Reselling USED Activewear for CHEAP (I got a fake??) Lululemon Like New Review,2021-07-28
7,47220,4027.0,0.007058815426997245,2021,7,22,0,0,0,0,0,0,1,1,0,0,0,0,0,0,0,0,0,0,1,1,0,0,0,0,0,2138739,2305840.52,The Dark Truth about SHEIN...,2021-07-22
10,41575,2227.0,0.006033333333333333,2021,7,14,0,0,0,0,0,0,0,0,0,0,1,1,0,0,0,0,0,0,0,0,0,0,1,1,0,1882094,2065817.84,I Bought my Younger Self‚Äôs DREAM Wardrobe.. again // Y2K Shopping,2021-07-14
10,93487,2573.0,0.013231404958677686,2021,7,7,0,0,0,0,0,0,0,0,0,0,1,1,0,0,0,0,0,0,0,0,0,0,1,1,0,4920058,4846643.66,I Bought Viral Tiktok Products,2021-07-07
9,50142,1396.0,0.007098898071625345,2021,7,1,0,0,0,0,0,0,1,1,0,0,0,0,0,0,0,0,0,0,1,1,0,0,0,0,0,2328739,2365019.03,I Bought USED Kardashian Clothes IN REAL LIFE // New Kardashian Kloset STORE,2021-07-01
9,45890,1632.0,0.006545730027548209,2021,6,27,0,0,0,0,1,1,0,0,0,0,0,0,0,0,0,0,1,1,0,0,0,0,0,0,0,2013998,2096065.95,I Bought the WORST Selling ASOS Items,2021-06-27
13,102361,3341.0,0.014559504132231406,2021,6,23,0,0,0,0,0,0,0,0,0,0,1,1,0,0,0,0,0,0,0,0,0,0,1,1,0,6945890,6365350.73,"I Bought ""Lost"" Luggage *how it really works + is it stolen?*",2021-06-23
8,22110,2354.0,0.0033696969696969696,2021,6,16,0,0,0,0,0,0,0,0,0,0,1,1,0,0,0,0,0,0,0,0,0,0,1,1,0,675118,785284.42,Reworked Clothes Try On ! *Creative Transformations*,2021-06-16
15,22449,5413.0,0.003837741046831956,2021,6,9,1,0,0,0,0,0,0,0,0,0,0,1,1,0,0,0,0,0,0,0,0,0,0,1,0,842431,855081.11,Ruthless Review of Buffbunny Collection // Gym and Swim Gear,2021-06-09
12,34355,3060.0,0.005153581267217631,2021,6,6,0,0,0,0,1,1,0,0,0,0,0,0,0,0,0,0,1,1,0,0,0,0,0,0,0,1659302,1782467.86,Window Shopping the WEIRDEST Designer Products,2021-06-06
10,33335,1396.0,0.004783884297520661,2021,6,2,0,0,1,0,0,0,0,0,0,0,0,1,0,0,1,0,0,0,0,0,0,0,0,1,0,1614543,1649729.09,I Bought ‚ÄúFREE‚Äù Wish Leggings *disaster*,2021-06-02
13,61966,5524.0,0.009296143250688706,2021,5,30,0,0,0,0,1,1,0,0,0,0,0,0,0,0,0,0,1,1,0,0,0,0,0,0,0,3426790,3671364.23,I Bought my Younger Self‚Äôs DREAM Wardrobe/ Y2K Shopping Spree,2021-05-30
10,82872,4316.0,0.012009366391184573,2021,5,21,0,0,0,0,0,0,0,0,0,0,0,0,0,0,0,0,0,0,0,0,0,0,0,0,0,4486612,4456458.98,I Bought Target RETURNS for CHEAP *everything is brand new!?*,2021-05-21
11,45417,2163.0,0.006553719008264462,2021,5,14,0,0,0,0,0,0,0,0,0,0,0,0,0,0,0,0,0,0,0,0,0,0,0,0,0,1869827,1988433.94,RENTING Clothes like ‚ÄúInfluencers‚Äù for CHEAP,2021-05-14
8,54415,3459.0,0.007971625344352617,2021,5,7,1,0,0,0,0,0,0,0,0,0,0,0,1,0,0,0,0,0,0,0,0,0,0,0,0,2428252,2849836.96,I Bought the WORST Selling Forever 21 Items,2021-05-07
14,52585,2255.0,0.0075537190082644624,2021,4,28,0,0,0,0,0,0,0,0,0,0,1,1,0,0,0,0,0,0,0,0,0,0,1,1,0,3136090,2951162.86,Wearing WAIST TRAINER LEGGINGS for a WEEK,2021-04-28
13,88854,4034.0,0.012794490358126721,2021,4,23,0,0,0,0,0,0,0,0,0,0,0,0,0,0,0,0,0,0,0,0,0,0,0,0,0,5190248,4896793.9,I Bought the UGLIEST Used Kardashian Clothes,2021-04-23
17,62391,4052.0,0.009151928374655647,2021,4,16,0,0,0,0,0,0,0,0,0,0,0,0,0,0,0,0,0,0,0,0,0,0,0,0,0,3747242,4091765.43,I Bought from Amazon‚Äôs SECRET Outlet // 8 outfits for $150!,2021-04-16
9,53556,2500.0,0.007721212121212121,2021,4,7,0,0,0,0,1,0,0,0,0,0,0,1,0,0,0,0,1,0,0,0,0,0,0,1,0,2660443,2845506.12,I Bought the WORST Selling Fashion Nova Items,2021-04-07
11,101199,2704.0,0.014311707988980717,2021,4,2,0,0,0,0,0,0,1,0,0,0,0,0,0,0,0,0,0,0,1,0,0,0,0,0,0,5626346,4621899.11,"I Bought Celebrity Dress Remakes for CHEAP! *Taylor Swift, Cardi B, Kylie Jenner, Hailey Bieber...",2021-04-02
11,11468,2128.0,0.0018727272727272727,2021,3,29,1,1,0,0,0,0,0,0,0,0,0,0,1,1,0,0,0,0,0,0,0,0,0,0,0,401793,437464.87,RUTHLESS REVIEW - Did Lululemon RUIN the Align Legging?? *New design*,2021-03-29
9,58244,3648.0,0.008525068870523416,2021,3,19,0,0,0,0,0,0,0,0,0,0,0,0,0,0,0,0,0,0,0,0,0,0,0,0,0,2764511,2921469.8,I Bought the WEIRDEST Clothes on INSTAGRAM!! *who wears these?*,2021-03-19
10,20923,3447.0,0.003356749311294766,2021,3,12,0,0,0,0,0,0,0,0,0,0,0,0,0,0,0,0,0,0,0,0,0,0,0,0,0,938216,880129.84,RUTHLESS Review of Buffbunny Swim *Here we go again...*,2021-03-12
12,109862,4939.0,0.015812809917355373,2021,3,9,0,0,0,0,0,0,0,0,0,1,0,0,0,0,0,0,0,0,0,0,0,1,0,0,0,5995837,6307586.37,I Bought Amazon RETURNS for CHEAP!  *disaster*,2021-03-09
7,34434,1567.0,0.004958815426997245,2021,2,28,0,0,0,0,1,1,0,0,0,0,0,0,0,0,0,0,1,1,0,0,0,0,0,0,0,1935779,1853996.74,IN STORE Color Inverted Shopping!,2021-02-28
13,57357,2802.0,0.008286363636363637,2021,2,17,0,0,0,0,0,0,0,0,0,0,1,1,0,0,0,0,0,0,0,0,0,0,1,1,0,2904188,3035857.8,Reviewing Brands I HATE,2021-02-17
14,130155,3788.0,0.018449449035812672,2021,2,3,0,0,0,0,0,0,0,0,1,0,0,1,0,0,0,0,0,0,0,0,1,0,0,1,0,6053673,7533087.67,I Bought LOST LUGGAGE for CHEAP at THIS STORE...,2021-02-03
14,117376,4930.0,0.0168465564738292,2021,1,26,0,0,0,0,0,0,0,0,1,1,0,0,0,0,0,0,0,0,0,0,1,1,0,0,0,6335804,6768715.21,I Bought USED Kardashian Clothes! RED CARPET Dresses üëó,2021-01-26
11,13928,1837.0,0.0021714876033057853,2021,1,22,0,0,0,0,0,0,0,0,0,0,0,0,0,0,0,0,0,0,0,0,0,0,0,0,0,558910,537279.72,RUTHLESS Review of BO+TEE Activewear,2021-01-22
16,11487,4518.0,0.0022045454545454547,2021,1,18,1,1,0,0,0,0,0,0,0,0,0,0,1,1,0,0,0,0,0,0,0,0,0,0,0,392439,398252.15,Testing 51 PAIRS of JOGGERS and Sweat Sets from 22 Different Brands!,2021-01-18
18,61634,1917.0,0.008753581267217632,2021,1,12,0,0,0,0,0,0,0,0,0,1,1,0,0,0,0,0,0,0,0,0,0,1,1,0,0,3635405,3257181.82,"Rating ""YouTuber"" Products!",2021-01-12
10,16833,972.0,0.0024524793388429754,2021,1,4,0,1,0,0,0,0,1,0,0,0,0,0,0,1,0,0,0,0,1,0,0,0,0,0,0,727750,759971.93,RUTHLESS Review of Liza Koshy's Activewear Line,2021-01-04
16,13007,683.0,0.0018856749311294766,2020,12,29,0,0,0,0,0,0,0,0,1,1,0,0,0,0,0,0,0,0,0,0,1,1,0,0,0,666709,609230.55,"RUTHLESS REVIEW of Supplement ACTIVEWEAR // Women‚Äôs Best, Muscle Nation, MyProtein, Ghost, 1st Phorm",2020-12-29
15,187016,4055.0,0.02631831955922865,2020,12,18,0,0,0,0,0,0,0,0,0,0,0,0,0,0,0,0,0,0,0,0,0,0,0,0,0,9564567,9975706.19,I Bought USED Kardashian Clothes!,2020-12-18
11,23886,832.0,0.0034046831955922867,2020,12,11,0,0,0,0,0,0,1,0,0,0,0,0,0,0,0,0,0,0,1,0,0,0,0,0,0,960590,995245.6,Testing 323 PAIRS of LEGGINGS! From 68 Brands!,2020-12-11
12,20552,686.0,0.00292534435261708,2020,12,7,0,1,0,0,1,0,0,0,0,0,0,0,0,1,0,0,1,0,0,0,0,0,0,0,0,1023524,977660.35,Trying Weird Lululemon Trends,2020-12-07
18,10115,653.0,0.0014831955922865014,2020,11,26,0,0,0,0,0,0,1,1,0,0,0,0,0,0,0,0,0,0,1,1,0,0,0,0,0,389641,467034.72,The Most Flattering Legging EVER! Alphalete Amplify Review,2020-11-26
11,22545,2016.0,0.0033830578512396695,2020,11,23,1,1,0,0,0,0,0,0,0,0,0,0,1,1,0,0,0,0,0,0,0,0,0,0,0,1105173,962008.84,The UGLY TRUTH about OUTLETS: Are they WORTH Your Money??,2020-11-23
8,26010,887.0,0.0037048209366391184,2020,11,17,0,0,0,0,0,0,0,0,1,1,0,0,0,0,0,0,0,0,0,0,1,1,0,0,0,866568,907887.34,I Bought Beyonce's Ivy Park X Adidas Line that sold out in SECONDS.. but it's back today!,2020-11-17
9,7890,375.0,0.0011384297520661158,2020,11,13,0,0,0,0,0,0,0,0,0,0,0,0,0,0,0,0,0,0,0,0,0,0,0,0,0,286124,281644.46,BEST Activewear of 2020,2020-11-13
11,37881,873.0,0.0053380165289256196,2020,11,11,0,0,0,0,0,0,0,0,0,0,1,1,0,0,0,0,0,0,0,0,0,0,1,1,0,1705687,1627612.41,I Bought EVERY Email AD for a Day,2020-11-11
9,5647,523.0,0.000849862258953168,2020,11,1,0,0,1,0,0,1,0,0,0,0,0,0,0,0,1,0,0,1,0,0,0,0,0,0,0,220025,218434.33,"HUGE Lululemon FALL HAUL üçÅ Outerwear, FLARE Legging and Jeans Try On!",2020-11-01
11,9768,887.0,0.0014676308539944903,2020,10,28,0,0,0,0,0,0,0,0,0,0,1,1,0,0,0,0,0,0,0,0,0,0,1,1,0,289434,384009.09,"WHITNEY SIMMONS X GYMSHARK ""2"" Review: Everything you need to know in 12 minutes",2020-10-28
13,23088,10472.0,0.004622589531680441,2020,10,16,0,0,0,0,0,0,0,0,0,0,0,0,0,0,0,0,0,0,0,0,0,0,0,0,0,648894,810428.81,Why I Turned Down a Gymshark Contract,2020-10-16
10,7022,316.0,0.0010107438016528927,2020,9,29,0,0,0,0,0,0,0,0,1,1,0,0,0,0,0,0,0,0,0,0,1,1,0,0,0,234197,277040.16,Thrifty FALL OUTFITS | Cozy Casual & Athleisure,2020-09-29
10,4484,297.0,0.0006585399449035812,2020,9,10,0,0,0,0,0,0,0,1,0,0,0,0,0,0,0,0,0,0,0,1,0,0,0,0,0,131666,135933.21,Testing the BEST Sports Bras for EVERY Workout (or best for lounging cuz THATS equally as important),2020-09-10
11,15443,4621.0,0.0027636363636363635,2020,9,1,0,0,0,0,0,0,1,0,0,1,0,0,0,0,0,0,0,0,1,0,0,1,0,0,0,497867,531546.18,"Madelaine Petsch X Fabletics Review // $1,000 of new activewear!!",2020-09-01
18,6875,425.0,0.0010055096418732782,2020,8,22,0,0,1,1,0,0,0,0,0,0,0,0,0,0,1,1,0,0,0,0,0,0,0,0,0,442098,398907.66,BuffBunny Collection Review // August 2020,2020-08-22
14,5895,455.0,0.0008746556473829201,2020,8,20,0,0,0,0,0,0,1,1,0,0,0,0,0,0,0,0,0,0,1,1,0,0,0,0,0,168096,208142.95,I GOT VENEERS!,2020-08-20
10,8999,425.0,0.0012980716253443527,2020,8,17,1,1,0,0,0,0,0,0,0,0,0,0,1,1,0,0,0,0,0,0,0,0,0,0,0,432797,409349.1,The #1 thing TO BUY from Lululemon,2020-08-17
12,4814,352.0,0.0007115702479338843,2020,8,15,0,0,1,1,0,0,0,0,0,0,0,0,0,0,1,1,0,0,0,0,0,0,0,0,0,158804,166452.32,More SHEER Leggings from Alphalete,2020-08-15
9,8254,376.0,0.0011887052341597796,2020,8,9,0,0,0,0,0,1,0,0,1,0,0,0,0,0,0,0,0,1,0,0,1,0,0,0,0,256980,270012.35,Amazon's Own Activewear! Jeff Bezos is coming for my closet..,2020-08-09
14,71383,3855.0,0.0103633608815427,2020,8,1,0,0,0,1,0,0,0,0,0,0,1,0,0,0,0,1,0,0,0,0,0,0,1,0,0,3761437,4028014.5,Why I Hate SHEIN,2020-08-01
10,12033,440.0,0.0017180440771349863,2020,7,26,0,0,0,0,1,1,0,0,0,0,0,0,0,0,0,0,1,1,0,0,0,0,0,0,0,407279,554387.95,Shopping in the Men's Section,2020-07-26
8,30553,533.0,0.004281818181818182,2020,7,22,0,0,0,0,0,0,0,0,0,0,1,1,0,0,0,0,0,0,0,0,0,0,1,1,0,1306516,1197004.17,Testing VIRAL TIKTOK Clothing Hacks,2020-07-22
11,39681,1181.0,0.005628374655647383,2020,7,19,0,0,0,0,1,1,0,0,0,0,0,0,0,0,0,0,1,1,0,0,0,0,0,0,0,1987094,1691820.1,I Bought Lost Luggage Items for CHEAP,2020-07-19
12,23288,562.0,0.0032851239669421488,2020,7,12,1,0,0,0,0,1,0,0,0,0,0,0,1,0,0,0,0,1,0,0,0,0,0,0,0,1128104,1090349.22,I Bought the WEIRDEST Stuff from the Gymshark Website...,2020-07-12
11,5109,306.0,0.0007458677685950413,2020,7,4,0,0,0,1,0,0,0,0,1,0,0,0,0,0,0,1,0,0,0,0,1,0,0,0,0,168147,171466.59,Buffbunny Collection - Then VS Now,2020-07-04
11,7937,473.0,0.0011584022038567494,2020,6,29,1,1,0,0,0,0,0,0,0,0,0,0,1,1,0,0,0,0,0,0,0,0,0,0,0,392100,346914.78,Testing the VIRAL Tiktok leggings! *not what I expected*,2020-06-29
9,5315,407.0,0.0007881542699724518,2020,6,25,0,0,0,0,0,0,1,1,0,0,0,0,0,0,0,0,0,0,1,1,0,0,0,0,0,267213,225941.59,Leggings to Buy with NO Front Seam,2020-06-25
17,22871,697.0,0.0032462809917355373,2020,6,23,0,0,0,0,0,0,0,0,1,1,0,0,0,0,0,0,0,0,0,0,1,1,0,0,0,1425153,928390.36,Rating Swimwear by Fitness Brands! I can't believe they sell THIS...,2020-06-23
11,8510,444.0,0.0012333333333333332,2020,6,10,0,0,0,0,0,0,0,0,1,0,0,1,0,0,0,0,0,0,0,0,1,0,0,1,0,328584,317356.77,TESTING CELEBRITY ACTIVEWEAR : Demi Lovato and Kevin Hart Fabletics,2020-06-10
12,10701,375.0,0.0015256198347107439,2020,5,29,0,0,0,0,0,0,0,0,0,0,0,0,0,0,0,0,0,0,0,0,0,0,0,0,0,284510,330579.52,"HUGE CLOTHING HAUL! New Summer, Lounge, Activewear Finds",2020-05-29
10,10974,641.0,0.001599862258953168,2020,5,23,0,0,1,1,0,0,0,0,0,0,0,0,0,0,1,1,0,0,0,0,0,0,0,0,0,579362,555721.33,BuffBunny Swimsuits Review... not what I was expecting,2020-05-23
12,6996,667.0,0.0010555096418732783,2020,5,22,0,0,0,0,0,0,0,0,0,0,0,0,0,0,0,0,0,0,0,0,0,0,0,0,0,245793,262066.6,Why I QUIT Fitness... (+ NEW Leggings!),2020-05-22
19,13103,4662.0,0.002446969696969697,2020,5,15,0,0,0,0,0,0,0,0,0,0,0,0,0,0,0,0,0,0,0,0,0,0,0,0,0,412370,443582.25,"Plastic Bottles into Leggings?? Tala, Girlfriend Collective, Wolven and REI Review!",2020-05-15
13,9984,404.0,0.001430853994490358,2020,5,9,0,0,1,1,0,0,0,0,0,0,0,0,0,0,1,1,0,0,0,0,0,0,0,0,0,344835,392257.34,24 HOUR SHOPPING for SUBSCRIBERS Challenge üí∞ Online,2020-05-09
14,7182,2301.0,0.001306198347107438,2020,5,5,0,0,0,0,0,0,0,0,1,1,0,0,0,0,0,0,0,0,0,0,1,1,0,0,0,200072,234123.7,Gymshark Sports Bras That are Actually Worth Your Money üí∞ü¶à,2020-05-05
8,8206,510.0,0.0012005509641873277,2020,4,29,0,0,0,0,0,0,0,0,0,0,1,1,0,0,0,0,0,0,0,0,0,0,1,1,0,311061,291881.69,Affordable Swimsuits Haul,2020-04-29
9,9246,718.0,0.0013724517906336087,2020,4,27,1,1,0,0,0,0,0,0,0,0,0,0,1,1,0,0,0,0,0,0,0,0,0,0,0,290102,399430.17,BEST BLACK LEGGINGS Review!,2020-04-27
10,5428,563.0,0.0008252066115702479,2020,4,25,0,0,1,1,0,0,0,0,0,0,0,0,0,0,1,1,0,0,0,0,0,0,0,0,0,141931,172750.51,DOG LEGGINGS are a Thing! So I Tried Them on Mine..,2020-04-25
14,7335,601.0,0.0010931129476584023,2020,4,18,0,0,1,1,0,0,0,0,0,0,0,0,0,0,1,1,0,0,0,0,0,0,0,0,0,371850,335509.12,Alphalete's SHEEREST Leggings Ever? Revival is Back...,2020-04-18
12,13877,1807.0,0.0021603305785123966,2020,4,17,0,0,0,0,0,0,0,0,0,0,0,0,0,0,0,0,0,0,0,0,0,0,0,0,0,321917,428862.92,Addressing my Insecurities.. Quarantine Glow Down,2020-04-17
10,11851,603.0,0.0017154269972451792,2020,4,14,0,0,0,0,0,0,0,0,1,1,0,0,0,0,0,0,0,0,0,0,1,1,0,0,0,472518,496789.31,TikTok Must Haves - LEGGING Edition! Are They HopeScope Approved??,2020-04-14
10,42551,990.0,0.005997382920110193,2020,4,10,0,0,0,0,1,0,0,0,0,0,0,0,0,0,0,0,1,0,0,0,0,0,0,0,0,2152638,1754175.06,Testing Viral Clothing DIY's,2020-04-10
8,7315,437.0,0.0010677685950413224,2020,4,8,0,0,0,0,0,0,0,0,1,0,0,1,0,0,0,0,0,0,0,0,1,0,0,1,0,231966,247045.44,Affordable Amazon Jogger Haul,2020-04-08
6,4811,330.0,0.0007081267217630854,2020,4,5,1,0,0,0,0,1,0,0,0,0,0,0,1,0,0,0,0,1,0,0,0,0,0,0,0,135401,152089.75,SWIM in These Sports Bras! LIFE HACK,2020-04-05
13,11601,549.0,0.0016735537190082645,2020,4,2,0,0,0,0,0,0,0,1,1,0,0,0,0,0,0,0,0,0,0,1,1,0,0,0,0,362212,440651.86,Testing Target‚Äôs NEW Activewear! Cheap and Trendy,2020-04-02
28,6284,2210.0,0.0011699724517906336,2020,3,30,1,1,0,0,0,0,0,0,0,0,0,0,1,1,0,0,0,0,0,0,0,0,0,0,0,233146,249371.91,Cozy Athliesure Haul + LIVE 20 min Abs at Home Workout,2020-03-30
10,8297,2121.0,0.0014349862258953168,2020,3,27,0,0,0,0,0,0,0,0,0,0,0,0,0,0,0,0,0,0,0,0,0,0,0,0,0,224226,254590.88,Testing $5 Activewear and Home Fitness Equipment!,2020-03-27
12,27049,1324.0,0.0039081267217630855,2020,3,25,0,0,0,0,0,0,0,0,0,0,1,1,0,0,0,0,0,0,0,0,0,0,1,1,0,997029,1017239.38,lululemon gone TOO FAR?,2020-03-25
10,14026,3746.0,0.002447933884297521,2020,3,17,0,0,0,0,0,0,0,0,1,1,0,0,0,0,0,0,0,0,0,0,1,1,0,0,0,400228,452895.04,What is OFF-WHITE and is it Worth the Money??,2020-03-17
7,8141,988.0,0.0012574380165289256,2020,3,13,0,0,0,0,0,0,0,0,0,0,0,0,0,0,0,0,0,0,0,0,0,0,0,0,0,218688,268999.94,I Bought Amazon's MOST and LEAST Expensive Leggings!!,2020-03-13
13,7054,525.0,0.001043939393939394,2020,3,11,0,0,0,0,0,0,0,0,1,0,0,1,0,0,0,0,0,0,0,0,1,0,0,1,0,244573,256185.81,WHAT HAPPENED DOYOUEVEN?? 2020 Review,2020-03-11
9,8014,3236.0,0.0015495867768595042,2020,3,8,1,0,0,0,0,1,0,0,0,0,0,0,1,0,0,0,0,1,0,0,0,0,0,0,0,322557,299185.6,"Testing ""Squat Proof"" Amazon Leggings *they lied*",2020-03-08
15,10146,535.0,0.0014712121212121212,2020,2,29,0,0,1,1,0,0,0,0,0,0,0,0,0,0,1,1,0,0,0,0,0,0,0,0,0,440839,407591.99,Losing 20 Pounds and KEEPING it OFF Tips and Tricks : 75 Hard Phase 1,2020-02-29
14,18491,811.0,0.002658677685950413,2020,2,27,0,0,0,0,0,0,1,1,0,0,0,0,0,0,0,0,0,0,1,1,0,0,0,0,0,956931,836578.56,"The Ugly Truth About OUTLET STORES: Lululemon, Nike, Adidas EXPOSED",2020-02-27
8,3934,295.0,0.0005825068870523416,2020,2,25,0,0,0,0,0,0,0,0,1,1,0,0,0,0,0,0,0,0,0,0,1,1,0,0,0,106022,125338.63,trying something new,2020-02-25
14,7654,1276.0,0.0012300275482093664,2020,2,20,0,0,0,0,0,0,1,1,0,0,0,0,0,0,0,0,0,0,1,1,0,0,0,0,0,256361,279742.22,The Origin of Women‚Äôs Activewear: Lorna Jane Review,2020-02-20
14,8597,5999.0,0.0020104683195592285,2020,2,13,0,0,0,0,0,0,1,1,0,0,0,0,0,0,0,0,0,0,1,1,0,0,0,0,0,290361,325792.0,MOST vs LEAST Squat Proof LULULEMON LEGGINGS! *with science*,2020-02-13
16,4257,351.0,0.0006347107438016529,2020,2,8,0,0,0,1,1,0,0,0,0,0,0,0,0,0,0,1,1,0,0,0,0,0,0,0,0,130011,135416.95,ALPHALETE MUST HAVES + NEW Alphalux Deets,2020-02-08
13,8266,5913.0,0.001953030303030303,2020,1,31,0,0,0,0,0,0,0,0,0,0,0,0,0,0,0,0,0,0,0,0,0,0,0,0,0,251474,287738.47,"üê™ -Toe-less Leggings! SUCKED IN, NOT HELD BACK. LNDR Review",2020-01-31
16,9440,419.0,0.0013579889807162535,2020,1,23,0,0,0,0,0,0,1,1,0,0,0,0,0,0,0,0,0,0,1,1,0,0,0,0,0,392027,398105.0,"Testing iNfLuEnCeR Activewear // Fit Angel, Corio, Nasty Fit",2020-01-23
10,4517,337.0,0.0006685950413223141,2020,1,17,0,0,0,0,0,0,0,0,0,0,0,0,0,0,0,0,0,0,0,0,0,0,0,0,0,125168,132810.37,"PLAYBOY makes LEGGINGS?? NOT what I was expecting... Review, Wear Test and Hotel Adventures ü•∞",2020-01-17
19,52806,1715.0,0.0075097796143250685,2020,1,10,0,0,0,0,0,0,1,0,0,0,0,0,0,0,0,0,0,0,1,0,0,0,0,0,0,2077741,2392903.13,"I LOST 18 LBS of FAT in 2 MONTHS: Diet, Workouts, Tips",2020-01-10
9,6408,199.0,0.0009100550964187328,2020,1,6,1,1,0,0,0,0,0,0,0,0,0,0,1,1,0,0,0,0,0,0,0,0,0,0,0,246601,253089.78,24 HOURS in my CLOSET Challenge with my Dogs!!,2020-01-06
10,7568,397.0,0.001097107438016529,2019,12,21,0,0,1,1,0,0,0,0,0,0,0,0,0,0,1,1,0,0,0,0,0,0,0,0,0,252373,272788.85,"Instagram Brand ""Ambassador"" Scam?! Astoria Active Review..",2019-12-21
13,7005,355.0,0.0010137741046831955,2019,12,17,0,0,0,0,0,0,0,0,1,1,0,0,0,0,0,0,0,0,0,0,1,1,0,0,0,261378,272312.9,STINK PROOF Workout Leggings you DON'T have to Wash?! Testing the Sweatflow Leggings for a WEEK,2019-12-17
16,9243,447.0,0.0013347107438016529,2019,11,25,1,1,0,0,0,0,0,0,0,0,0,0,1,1,0,0,0,0,0,0,0,0,0,0,0,389992,403104.76,Gymshark's Apology to me...,2019-11-25
16,6288,1829.0,0.0011180440771349862,2019,11,22,0,0,0,0,0,0,0,0,0,0,0,0,0,0,0,0,0,0,0,0,0,0,0,0,0,297371,239760.42,The ULTIMATE PTULA REVIEW Ft. Women's and NEW Men's Line!,2019-11-22
17,4872,277.0,0.0007092286501377411,2019,11,15,0,0,0,0,0,0,0,0,0,0,0,0,0,0,0,0,0,0,0,0,0,0,0,0,0,140423,168809.89,LAST MINUTE Christmas Gift Ideas for Anyone!,2019-11-15
13,5995,1387.0,0.0010168044077134987,2019,11,9,0,0,0,1,0,0,0,0,0,0,1,0,0,0,0,1,0,0,0,0,0,0,1,0,0,200194,206076.69,NO BULL Activewear + Shoe Review! (that's actually the name of the brand),2019-11-09
13,5705,335.0,0.0008319559228650138,2019,10,31,0,0,0,0,0,0,1,1,0,0,0,0,0,0,0,0,0,0,1,1,0,0,0,0,0,200338,211008.65,FULL DAY OF SHOPPING! + Luxury Gift GIVEAWAY,2019-10-31
9,6521,3575.0,0.001390633608815427,2019,10,27,0,0,0,0,1,1,0,0,0,0,0,0,0,0,0,0,1,1,0,0,0,0,0,0,0,203066,233961.67,Testing The World's First ZIP OFF Leggings!,2019-10-27
17,10254,456.0,0.001475206611570248,2019,10,17,0,0,0,0,0,0,1,1,0,0,0,0,0,0,0,0,0,0,1,1,0,0,0,0,0,468974,454068.77,CHEAP vs EXPENSIVE SHAPEWEAR Leggings and Shorts!,2019-10-17
15,22453,12452.0,0.004807851239669422,2019,10,9,0,0,0,0,0,0,0,0,1,0,0,1,0,0,0,0,0,0,0,0,1,0,0,1,0,539290,1179151.67,I Didn‚Äôt Want to Post This.. Gymshark X Whitney Simmons,2019-10-09
11,19665,424.0,0.0027670798898071624,2019,9,24,0,0,0,0,0,0,0,0,1,1,0,0,0,0,0,0,0,0,0,0,1,1,0,0,0,722736,775821.05,CRAZY Leggings you Didn't Know Exist + I GOT SCAMMED???,2019-09-24
10,4286,323.0,0.0006348484848484849,2019,9,21,0,0,1,1,0,0,0,0,0,0,0,0,0,0,1,1,0,0,0,0,0,0,0,0,0,144554,144221.74,NEW Alphalete Aero Leggings VS Revival Leggings,2019-09-21
10,7530,294.0,0.001077685950413223,2019,9,18,0,0,0,0,0,0,0,0,0,0,1,1,0,0,0,0,0,0,0,0,0,0,1,1,0,338042,309655.61,THE WEIRDEST Fashion Trend // French Cut Leggings,2019-09-18
15,9118,5264.0,0.0019809917355371903,2019,8,28,0,0,0,0,0,0,0,0,0,0,1,1,0,0,0,0,0,0,0,0,0,0,1,1,0,312087,354183.36,My MOST REQUESTED REVIEW Curves and Combatboots Haul + Wear Test,2019-08-28
21,14045,3322.0,0.0023921487603305786,2019,8,21,0,0,0,0,0,0,0,0,0,0,1,1,0,0,0,0,0,0,0,0,0,0,1,1,0,521735,538329.06,We need to talk... Weight Gain. Keto Disaster. Getting Motivated.,2019-08-21
10,10209,529.0,0.0014790633608815426,2019,8,16,0,0,0,0,0,0,0,0,0,0,0,0,0,0,0,0,0,0,0,0,0,0,0,0,0,520169,412071.21,THE LIFE HACK EVERY GIRL NEEDS... No More Bra Pad Inserts??,2019-08-16
24,22092,1367.0,0.0032312672176308538,2019,7,31,0,0,0,0,0,0,0,0,0,0,1,1,0,0,0,0,0,0,0,0,0,0,1,1,0,1043818,1077587.49,Wearing 80s VINTAGE for a WEEK *Embarrassing but Worth it*,2019-07-31
9,8476,854.0,0.0012851239669421487,2019,7,25,0,0,0,0,0,0,1,1,0,0,0,0,0,0,0,0,0,0,1,1,0,0,0,0,0,334234,313540.35,WTH COSTOCO?? Clothing Haul Hits and Misses,2019-07-25
12,9950,440.0,0.001431129476584022,2019,7,22,1,1,0,0,0,0,0,0,0,0,0,0,1,1,0,0,0,0,0,0,0,0,0,0,0,361120,385187.32,The Truth About Body Engineers..,2019-07-22
10,7855,296.0,0.0011227272727272726,2019,7,18,0,0,0,0,0,0,1,1,0,0,0,0,0,0,0,0,0,0,1,1,0,0,0,0,0,194232,226453.06,HUGE *super cute* Summer Haul! (pls confiscate my credit card),2019-07-18
9,7022,338.0,0.0010137741046831955,2019,7,14,0,0,0,0,1,1,0,0,0,0,0,0,0,0,0,0,1,1,0,0,0,0,0,0,0,290878,278573.98,A Very SPICY Activewear Haul // Mina Sportswear + Luxury NYC Gym,2019-07-14
13,4967,281.0,0.0007228650137741046,2019,7,12,0,0,1,0,0,0,0,0,0,0,0,0,0,0,1,0,0,0,0,0,0,0,0,0,0,194408,197911.64,Lulu has Skincare?? // lululemon SelfCare Unboxing and Honest Review,2019-07-12
6,6949,353.0,0.001005785123966942,2019,7,3,0,0,0,0,0,0,1,0,0,0,0,1,0,0,0,0,0,0,1,0,0,0,0,1,0,210841,235278.56,YOUTUBE ADS MADE ME BUY IT Carbon38 TAKARA Review,2019-07-03
10,5651,246.0,0.0008122589531680441,2019,6,30,0,0,0,0,1,1,0,0,0,0,0,0,0,0,0,0,1,1,0,0,0,0,0,0,0,207777,220350.59,It‚Äôs ACTIVEWEAR & a SWIMSUIT?! Gym to Swim Victoria's Secret PINK Review,2019-06-30
11,8968,334.0,0.001281267217630854,2019,6,27,0,0,0,0,0,0,1,1,0,0,0,0,0,0,0,0,0,0,1,1,0,0,0,0,0,346278,334387.01,Wearing ONLY THRIFTED CLOTHING for a WEEK,2019-06-27
13,7730,4468.0,0.0016801652892561984,2019,6,22,0,0,1,1,0,0,0,0,0,0,0,0,0,0,1,1,0,0,0,0,0,0,0,0,0,238159,268286.8,A DRESS Made From LEGGINGS?! CONCERNS with BuffBunny Collection + Summer Launch Must Haves,2019-06-22
15,12987,466.0,0.001853030303030303,2019,6,19,0,0,0,0,0,0,0,0,0,0,1,1,0,0,0,0,0,0,0,0,0,0,1,1,0,497231,578288.98,CHEAP and TRENDY Gym Clothes - ACTUALLY WORTH YOUR MONEY,2019-06-19
11,9915,872.0,0.0014858126721763085,2019,6,9,0,0,0,0,0,1,0,0,0,0,0,0,0,0,0,0,0,1,0,0,0,0,0,0,0,209392,305292.04,Under Armour PROJECT ROCK - Testing the Men's AND Women's Line!,2019-06-09
9,7672,318.0,0.001100550964187328,2019,6,6,0,0,0,0,0,0,1,1,0,0,0,0,0,0,0,0,0,0,1,1,0,0,0,0,0,218786,236166.89,"FENDI SPORTS BRA REVIEW (Ya know, Like in the Old Town Road Song)",2019-06-06
7,5310,198.0,0.0007586776859504133,2019,5,31,0,0,0,0,0,0,0,0,0,0,0,0,0,0,0,0,0,0,0,0,0,0,0,0,0,127573,161984.68,DIY CLOSET ORGANIZATION HACKS on a BUDGET// Activewear Hoarder Declutters Marie Kondo Style,2019-05-31
10,11078,612.0,0.0016101928374655647,2019,5,24,0,0,0,0,0,0,0,0,0,0,0,0,0,0,0,0,0,0,0,0,0,0,0,0,0,535429,493725.31,TESTING INSTAGRAM ACTIVEWEAR! SET Active - Hit or Miss??,2019-05-24
9,15753,5268.0,0.0028954545454545452,2019,5,20,1,1,0,0,0,0,0,0,0,0,0,0,1,1,0,0,0,0,0,0,0,0,0,0,0,234995,390456.36,Trying on ALL of my GYM CLOTHES! Massive Closet Tour,2019-05-20
9,5807,656.0,0.0008902203856749312,2019,5,4,0,0,0,1,0,0,0,0,0,0,0,0,0,0,0,1,0,0,0,0,0,0,0,0,0,167372,187022.32,My FAVORITE CAMO Leggings // Cheap and Trendy Options,2019-05-04
3,6491,500.0,0.0009629476584022039,2019,5,1,0,0,1,0,0,0,0,0,0,0,0,1,0,0,1,0,0,0,0,0,0,0,0,1,0,169845,205742.31,MY EPIC HAIR TRANSFORMATION!,2019-05-01
12,6493,544.0,0.0009692837465564738,2019,4,27,0,0,1,1,0,0,0,0,0,0,0,0,0,0,1,1,0,0,0,0,0,0,0,0,0,232490,246628.95,NEW Workout Gear for SPRING! Try On + Review,2019-04-27
8,27330,765.0,0.003869834710743802,2019,4,24,0,0,0,0,0,0,0,0,0,0,1,1,0,0,0,0,0,0,0,0,0,0,1,1,0,1019223,1011688.53,Reviewing Brands that STOLE my Videos for Their Ads,2019-04-24
11,14636,1021.0,0.002156611570247934,2019,4,20,0,0,1,1,0,0,0,0,0,0,0,0,0,0,1,1,0,0,0,0,0,0,0,0,0,990374,857546.62,Reviewing Activewear Brands I HATE,2019-04-20
13,21150,951.0,0.0030442148760330577,2019,4,12,0,0,0,0,0,0,0,0,0,0,1,0,0,0,0,0,0,0,0,0,0,0,1,0,0,1041831,966960.7,I Needed A BACKGROUND CHECK to Buy These Luxury Leggings,2019-04-12
11,12011,551.0,0.0017303030303030304,2019,3,23,0,0,1,1,0,0,0,0,0,0,0,0,0,0,1,1,0,0,0,0,0,0,0,0,0,846418,746132.97,Kate Spade Designer Activewear Review,2019-03-23
16,13783,566.0,0.0019764462809917357,2019,3,15,0,0,0,0,0,0,0,0,0,0,0,0,0,0,0,0,0,0,0,0,0,0,0,0,0,664607,642354.34,Subscribers Pick my Amazon Haul!,2019-03-15
8,18278,435.0,0.0025775482093663912,2019,3,5,0,0,0,0,0,0,0,0,0,1,0,0,0,0,0,0,0,0,0,0,0,1,0,0,0,784300,805888.85,Selena Gomez X Puma AM I SUPPOSE TO WORKOUT IN THESE?? Lol,2019-03-05
12,18055,1275.0,0.002662534435261708,2019,2,24,0,0,0,0,1,1,0,0,0,0,0,0,0,0,0,0,1,1,0,0,0,0,0,0,0,1047173,797471.92,"Shopping in the KIDS SECTION! Ivivva, Nike, Adidas, Old Navy, Justice",2019-02-24
9,3666,375.0,0.0005566115702479339,2019,2,20,0,0,0,0,0,0,0,0,0,0,1,1,0,0,0,0,0,0,0,0,0,0,1,1,0,57120,77586.83,BRATZ CHALLENGE Fitness Edition,2019-02-20
18,15950,1294.0,0.002375206611570248,2019,2,13,0,0,0,0,0,0,0,0,0,0,1,1,0,0,0,0,0,0,0,0,0,0,1,1,0,805984,740664.97,NIKE VS. ADIDAS VS. UNDER ARMOUR // Battle of the Brands!,2019-02-13
7,5366,333.0,0.0007849862258953168,2019,2,6,0,0,0,0,1,0,0,0,0,0,0,1,0,0,0,0,1,0,0,0,0,0,0,1,0,157983,166882.31,MUST HAVE Leggings for Cold Weather,2019-02-06
8,15673,740.0,0.0022607438016528925,2019,1,30,0,0,0,0,0,0,0,0,0,0,1,1,0,0,0,0,0,0,0,0,0,0,1,1,0,412931,540897.45,James Charles LEGGINGS??  SISTERS Sportswear Review,2019-01-30
10,12398,826.0,0.0018214876033057852,2019,1,16,0,0,0,0,0,0,0,0,0,0,1,1,0,0,0,0,0,0,0,0,0,0,1,1,0,376531,467360.26,I HATE GYMSHARK?? Current thoughts on this Brand,2019-01-16
6,8089,226.0,0.0011453168044077136,2019,1,10,0,0,0,0,0,0,0,1,1,0,0,0,0,0,0,0,0,0,0,1,1,0,0,0,0,222935,238658.56,Subscribers Pick my Gym Outfit *EMBARRASSING*,2019-01-10
12,7374,372.0,0.0010669421487603306,2019,1,6,0,0,1,0,0,1,0,0,0,0,0,0,0,0,1,0,0,1,0,0,0,0,0,0,0,318032,301602.56,BEST Activewear of 2018,2019-01-06
10,19425,457.0,0.0027385674931129475,2018,12,21,0,0,0,0,0,0,0,0,0,0,0,0,0,0,0,0,0,0,0,0,0,0,0,0,0,943421,903324.27,I Bought the WORST Rated Victoria's Secret Sport Items,2018-12-21
11,6747,422.0,0.000987465564738292,2018,12,13,0,0,0,0,0,0,1,1,0,0,0,0,0,0,0,0,0,0,1,1,0,0,0,0,0,338028,335633.11,TRY ON / REVIEW of ALL my JOGGERS,2018-12-13
10,3263,248.0,0.00048360881542699726,2018,12,10,0,1,0,0,0,0,0,0,0,0,0,0,0,1,0,0,0,0,0,0,0,0,0,0,0,88044,93956.44,GETTING PERSONAL: Physique Update + Day of Meals for Fat Loss,2018-12-10
10,36237,795.0,0.0051008264462809915,2018,12,1,0,0,0,1,0,0,0,0,0,0,0,0,0,0,0,1,0,0,0,0,0,0,0,0,0,957055,1202797.38,Wearing WEIRD INSTAGRAM AD Leggings for a Week,2018-12-01
10,7639,546.0,0.0011274104683195593,2018,11,29,0,0,0,0,0,0,1,1,0,0,0,0,0,0,0,0,0,0,1,1,0,0,0,0,0,314175,322318.21,Sommer Ray Activewear Review // Haul + Wear Test,2018-11-29
6,2054,111.0,0.00029820936639118455,2018,11,23,0,0,0,0,0,0,0,0,0,0,0,0,0,0,0,0,0,0,0,0,0,0,0,0,0,72610,75027.3,Skin Care + Hair Care + Self Tanning Routine! (AFFORDABLE! Everything Under $30),2018-11-23
10,19835,532.0,0.002805371900826446,2018,11,21,0,0,0,0,0,0,0,0,0,0,1,1,0,0,0,0,0,0,0,0,0,0,1,1,0,887484,883819.7,I Bought the WORST Rated Forever21 Items! Activewear and Swimwear,2018-11-21
10,4624,360.0,0.0006865013774104683,2018,11,5,0,1,0,0,0,0,0,0,0,0,0,0,0,1,0,0,0,0,0,0,0,0,0,0,0,167906,178081.24,"NEW and Noteworthy Gym Clothes! Align Joggers, Balance Athletica, XXIV, and more",2018-11-05
9,4295,582.0,0.000671763085399449,2018,10,31,0,0,0,0,0,0,0,0,0,0,1,1,0,0,0,0,0,0,0,0,0,0,1,1,0,119171,136481.25,"GOALS to GET LEAN,  PHYSIQUE UPDATE, GETTING OUT of a RUT",2018-10-31
6,4113,188.0,0.0005924242424242424,2018,10,18,0,0,0,0,0,0,1,1,0,0,0,0,0,0,0,0,0,0,1,1,0,0,0,0,0,155808,162414.24,Cheap and Trendy Zaful Activewear,2018-10-18
7,10930,392.0,0.001559504132231405,2018,10,14,0,0,0,0,1,1,0,0,0,0,0,0,0,0,0,0,1,1,0,0,0,0,0,0,0,160991,295781.34,Saying goodbye.,2018-10-14
8,5042,364.0,0.0007446280991735537,2018,10,6,0,0,0,1,1,0,0,0,0,0,0,0,0,0,0,1,1,0,0,0,0,0,0,0,0,267437,202246.88,BATTLE of the BOOTY SCRUNCH Leggings // CLS vs ABS2B vs Til You Collapse,2018-10-06
8,6980,276.0,0.0009994490358126722,2018,9,29,0,0,1,1,0,0,0,0,0,0,0,0,0,0,1,1,0,0,0,0,0,0,0,0,0,220085,313157.69,CHEAP and TRENDY Current Activewear FAVORITES! Under $25,2018-09-29
12,11184,425.0,0.0015990358126721763,2018,9,22,0,0,1,1,0,0,0,0,0,0,0,0,0,0,1,1,0,0,0,0,0,0,0,0,0,511284,504224.47,I TRIED WORKING OUT in SAUNA SUITS for A WEEK,2018-09-22
9,5013,284.0,0.0007296143250688705,2018,9,11,0,0,0,0,0,0,0,0,0,1,0,0,0,0,0,0,0,0,0,0,0,1,0,0,0,184142,199727.59,"Testing ""Compression"" Leggings and Shorts // Ever Forward Review",2018-09-11
8,8220,453.0,0.0011946280991735538,2018,9,6,0,0,1,0,0,0,0,1,0,0,0,0,0,0,1,0,0,0,0,1,0,0,0,0,0,317536,323645.93,Kardashian Booty Leggings?? Good American Active Review,2018-09-06
10,14869,996.0,0.002185261707988981,2018,8,29,0,0,0,0,0,0,0,0,0,0,1,1,0,0,0,0,0,0,0,0,0,0,1,1,0,669505,704326.93,"$2,200 Gucci Leggings?! WHY U SO MUCH $$$",2018-08-29
9,7765,299.0,0.0011107438016528925,2018,8,22,0,0,0,0,0,0,0,0,0,0,1,1,0,0,0,0,0,0,0,0,0,0,1,1,0,357609,334145.79,The TRUTH About Gymshark Swimwear,2018-08-22
12,7022,429.0,0.0010263085399449035,2018,8,9,0,0,1,0,0,0,0,1,0,0,0,0,0,0,1,0,0,0,0,1,0,0,0,0,0,384007,353546.87,HUGE WHITEFOX Activewear and Swimsuit Haul,2018-08-09
11,14623,548.0,0.0020896694214876032,2018,8,2,0,0,0,0,0,0,1,1,0,0,0,0,0,0,0,0,0,0,1,1,0,0,0,0,0,1102181,977116.57,I  Bought the WORST RATED Amazon Leggings,2018-08-02
8,3744,221.0,0.0005461432506887053,2018,7,27,0,0,0,0,0,0,0,0,0,0,0,0,0,0,0,0,0,0,0,0,0,0,0,0,0,119069,141890.69,Affordable Gym Clothes Under $35 // MyProtein New Releases,2018-07-27
8,3949,257.0,0.0005793388429752067,2018,7,20,0,0,0,0,0,0,0,0,0,0,0,0,0,0,0,0,0,0,0,0,0,0,0,0,0,124953,177984.61,BEST Matching Sets for the Gym // Flexxfit Activewear Review,2018-07-20
9,13188,501.0,0.0018855371900826446,2018,7,18,0,0,0,0,0,0,0,0,0,0,1,1,0,0,0,0,0,0,0,0,0,0,1,1,0,845148,749549.34,I Bought the WORST Rated Items from Lululemon // Try on Haul,2018-07-18
7,4732,252.0,0.0006865013774104683,2018,7,12,0,0,0,0,0,0,0,1,0,0,0,0,0,0,0,0,0,0,0,1,0,0,0,0,0,324962,269973.82,"A Very ""Extra"" Gym Clothing Haul // BlackMilk Activewear Review + Wear Test",2018-07-12
8,5496,281.0,0.0007957300275482094,2018,6,26,0,0,0,0,0,0,0,0,1,1,0,0,0,0,0,0,0,0,0,0,1,1,0,0,0,309724,264882.89,MY GYM SHORTS COLLECTION // The BEST and the... Not so Great,2018-06-26
11,6377,1639.0,0.0011041322314049586,2018,6,24,0,0,0,0,1,1,0,0,0,0,0,0,0,0,0,0,1,1,0,0,0,0,0,0,0,264588,256671.15,The BIGGEST Workout Clothing Haul YET,2018-06-24
6,6422,259.0,0.0009202479338842975,2018,6,13,0,0,0,0,0,0,0,0,0,0,1,1,0,0,0,0,0,0,0,0,0,0,1,1,0,267771,251667.28,SISTER BUYS MY SWIMSUITS // $15 Bikini Haul,2018-06-13
10,7380,411.0,0.0010731404958677685,2018,6,9,0,0,0,1,0,0,1,0,0,0,0,0,0,0,0,1,0,0,1,0,0,0,0,0,0,199813,251207.39,"Fitness HOLY GRAILS : Cheap Leggings, Workouts, Recipes, and more!",2018-06-09
9,4690,239.0,0.0006789256198347107,2018,5,27,0,0,0,0,1,1,0,0,0,0,0,0,0,0,0,0,1,1,0,0,0,0,0,0,0,174494,194123.15,Athleta Sporty Swimsuits Haul / PRACTICAL or just PRICEY??,2018-05-27
9,4712,267.0,0.0006858126721763086,2018,5,16,0,0,0,0,0,0,0,0,0,0,1,1,0,0,0,0,0,0,0,0,0,0,1,1,0,190102,201346.36,NEW Fabletics X Demi Lovato 2018 Review,2018-05-16
9,3682,308.0,0.0005495867768595042,2018,5,12,0,0,0,1,0,0,0,0,0,0,1,0,0,0,0,1,0,0,0,0,0,0,1,0,0,102927,108006.34,"NEW Alphalete: Cross Sets, New Revival Legging Colors Squat Tested, Seamless Underwear",2018-05-12
9,4943,398.0,0.0007356749311294765,2018,5,7,0,1,0,0,0,0,1,0,0,0,0,0,0,1,0,0,0,0,1,0,0,0,0,0,0,256091,196718.78,HUGE NEW Lululemon Spring Haul + COLDEST Photoshoot BTS,2018-05-07
10,17083,586.0,0.0024337465564738293,2018,4,30,1,1,0,0,0,0,0,0,0,0,0,0,1,1,0,0,0,0,0,0,0,0,0,0,0,629320,735480.26,Wearing $5 LULULEMON & GYMSHARK for a WEEK! THRIFT HAUL,2018-04-30
8,5581,361.0,0.0008184573002754821,2018,4,27,0,0,0,0,0,0,0,0,0,0,0,0,0,0,0,0,0,0,0,0,0,0,0,0,0,202704,217686.95,Testing the ULTIMATE Sports Bra. I'm SHOOK but my Chest Isn't? LOL...,2018-04-27
7,9239,369.0,0.0013234159779614324,2018,4,24,0,0,0,0,0,0,0,0,1,1,0,0,0,0,0,0,0,0,0,0,1,1,0,0,0,323253,352045.67,LULULEMON WHO?? Affordable Amazon Queenie Ke Collection Review,2018-04-24
12,5360,582.0,0.0008184573002754821,2018,4,18,0,0,0,0,0,0,0,0,0,0,1,1,0,0,0,0,0,0,0,0,0,0,1,1,0,200661,196161.04,HUGE ASOS Activewear Haul (Major Fails + Successes),2018-04-18
7,3854,212.0,0.0005600550964187328,2018,4,10,0,0,0,0,0,0,1,0,0,1,0,0,0,0,0,0,0,0,1,0,0,1,0,0,0,78405,116975.42,"Testing ""FITSPO"" Activewear : In Depth Cleo Harper Review",2018-04-10
9,4929,433.0,0.0007385674931129477,2018,4,5,0,0,0,0,0,0,0,1,0,0,0,0,0,0,0,0,0,0,0,1,0,0,0,0,0,185274,193711.06,"INSTAGRAM MADE ME Buy It: Gymshark, Paragon, Bombshell, Stronger REVIEWS",2018-04-05
12,3230,237.0,0.0004775482093663912,2018,3,31,0,0,1,1,0,0,0,0,0,0,0,0,0,0,1,1,0,0,0,0,0,0,0,0,0,72878,97651.74,"Current Fit, Fashion, Food OBSESSIONS /March Must Haves",2018-03-31
8,12493,517.0,0.0017920110192837465,2018,3,25,0,0,0,0,1,1,0,0,0,0,0,0,0,0,0,0,1,1,0,0,0,0,0,0,0,835109,757201.39,Testing Amazon Prime Swimsuits // Under $20 - Hit or Miss??,2018-03-25
8,4773,274.0,0.0006951790633608815,2018,3,16,0,0,0,0,0,0,0,0,0,0,0,0,0,0,0,0,0,0,0,0,0,0,0,0,0,212686,212316.4,White Fox X Sarah‚Äôs Day HONEST Review | Worth it??,2018-03-16
9,5786,602.0,0.0008798898071625344,2018,3,12,1,1,0,0,0,0,0,0,0,0,0,0,1,1,0,0,0,0,0,0,0,0,0,0,0,240149,234625.28,$1000 Nordstrom Gym Clothes Haul! Trying NEW Brands,2018-03-12
8,10639,319.0,0.001509366391184573,2018,3,5,0,1,0,0,0,0,1,0,0,0,0,0,0,1,0,0,0,0,1,0,0,0,0,0,0,498669,441138.42,I Tried FREE Sports Bras From Wish.com // Hit or Miss??,2018-03-05
8,5603,431.0,0.000831129476584022,2018,3,2,0,0,1,0,0,0,0,0,0,0,0,0,0,0,1,0,0,0,0,0,0,0,0,0,0,224789,217953.04,The TRUTH About Alphalete Revival Leggings...,2018-03-02
10,3435,266.0,0.0005097796143250689,2018,2,28,0,0,0,0,0,0,0,0,0,0,1,1,0,0,0,0,0,0,0,0,0,0,1,1,0,85935,111884.6,"FEBRUARY Fitness + Fashion FAVORITES // Gymshark, PTULA, IdealFit +",2018-02-28
7,7752,424.0,0.0011261707988980715,2018,2,21,0,0,0,0,0,0,0,0,0,0,1,1,0,0,0,0,0,0,0,0,0,0,1,1,0,261766,286868.84,I Tried Hot Topic Activewear! I SPENT $300 ON THAT?? Goth Goes Fit.,2018-02-21
11,7074,596.0,0.001056473829201102,2018,2,14,0,0,0,0,0,0,0,0,0,0,1,1,0,0,0,0,0,0,0,0,0,0,1,1,0,344745,323897.29,"OMBRE Leggings, SAVE or SPLURGE? | Gymshark vs Lululemon Vs Lorna Jane vs Amazon",2018-02-14
11,7048,528.0,0.0010435261707988982,2018,1,31,0,0,0,0,0,0,0,0,0,0,1,1,0,0,0,0,0,0,0,0,0,0,1,1,0,314630,321749.13,"NEW Gym Clothes // Gymshark, Alphalete, Ptula",2018-01-31
7,1868,199.0,0.0002847107438016529,2018,1,26,0,0,0,0,0,0,0,0,0,0,0,0,0,0,0,0,0,0,0,0,0,0,0,0,0,55309,72441.11,What I Eat in a Day for FAT LOSS // Vegetarian FDOE,2018-01-26
8,2478,243.0,0.00037479338842975207,2018,1,23,0,0,0,0,0,0,0,0,1,1,0,0,0,0,0,0,0,0,0,0,1,1,0,0,0,87282,85369.71,Outdoor Voices In Depth Review // OVER HYPED or Worth the $$$???,2018-01-23
10,4829,389.0,0.000718732782369146,2018,1,20,0,0,1,1,0,0,0,0,0,0,0,0,0,0,1,1,0,0,0,0,0,0,0,0,0,286534,235284.72,Lululemon Actually WORTH Your Money // Winter Favorites,2018-01-20
9,4225,474.0,0.0006472451790633609,2018,1,17,0,0,0,0,0,0,0,0,0,0,1,1,0,0,0,0,0,0,0,0,0,0,1,1,0,120967,138106.6,Gymshark X Nikki B Season 2 NOT Sponsored // Worth the $$$??,2018-01-17
13,3575,477.0,0.0005581267217630854,2018,1,6,0,0,0,1,0,0,0,0,0,0,0,0,0,0,0,1,0,0,0,0,0,0,0,0,0,80485,95969.84,"MY FIRST Q&A | Turning Down Sponsorships, How I Make Money, New Puppy??",2018-01-06
9,2450,299.0,0.00037865013774104683,2017,12,29,0,0,0,0,0,0,0,0,0,0,0,0,0,0,0,0,0,0,0,0,0,0,0,0,0,103968,98637.31,Cheap Trendy Swimsuit Haul + Try On // Vlogmas Giveaway Winners Announced!!!,2017-12-29
6,2645,572.0,0.0004431129476584022,2017,12,24,0,0,0,0,1,1,0,0,0,0,0,0,0,0,0,0,1,1,0,0,0,0,0,0,0,43087,69716.54,Toned Arms + Slim Waist Workout // NO Equipment at Home,2017-12-24
11,2885,1330.0,0.0005805785123966942,2017,12,23,0,0,1,1,0,0,0,0,0,0,0,0,0,0,1,1,0,0,0,0,0,0,0,0,0,80724,99985.85,No BS Toned by Ashy Bines Try On + Review,2017-12-23
7,2827,818.0,0.0005020661157024793,2017,12,19,0,0,0,0,0,0,0,0,1,1,0,0,0,0,0,0,0,0,0,0,1,1,0,0,0,85093,81134.11,BEST Gym Shoes for Lifting and Cardio + SHOE GIVEAWAY,2017-12-19
7,3160,737.0,0.0005367768595041322,2017,12,14,0,0,0,0,0,0,1,1,0,0,0,0,0,0,0,0,0,0,1,1,0,0,0,0,0,78444,80350.26,Fitness Transformation + Healthy Meal Ideas ft. BodyBoss Nutrition Guide,2017-12-14
5,3108,714.0,0.0005264462809917355,2017,12,13,0,0,0,0,0,0,0,0,0,0,1,1,0,0,0,0,0,0,0,0,0,0,1,1,0,46252,68527.22,A Day in the Life // Leo's Birthday // Vlogmas Day 13,2017-12-13
6,4036,687.0,0.0006505509641873278,2017,12,12,0,0,0,0,0,0,0,0,1,1,0,0,0,0,0,0,0,0,0,0,1,1,0,0,0,111072,124795.44,Mystery Box Leggings Edition,2017-12-12
13,4390,739.0,0.0007064738292011019,2017,12,11,0,1,0,0,1,0,0,0,0,0,0,0,0,1,0,0,1,0,0,0,0,0,0,0,0,148312,172019.01,"HUGE Black Friday Activewear Haul // Gymshark, P'tula, Alphalete +",2017-12-11
7,3429,709.0,0.0005699724517906336,2017,12,10,0,0,0,0,0,1,1,0,0,0,0,0,0,0,0,0,0,1,1,0,0,0,0,0,0,118992,109301.76,"Flattering, Comfy, Cheap Designer Jeans Favorites + Try On",2017-12-10
8,2881,806.0,0.0005078512396694215,2017,12,9,0,0,0,1,0,0,0,0,1,0,0,0,0,0,0,1,0,0,0,0,1,0,0,0,0,62240,71285.53,"Workout Empire Activewear Try on Review // Leggings, Sports Bras, Tops",2017-12-09
8,7629,2044.0,0.0013323691460055097,2017,12,7,0,0,0,0,0,0,0,1,0,0,1,0,0,0,0,0,0,0,0,1,0,0,1,0,0,584062,479658.1,The Most Flattering Seamless Leggings for the Gym (Squat Proof!),2017-12-07
9,5999,1079.0,0.000974931129476584,2017,12,6,1,0,0,0,0,0,0,0,0,0,0,1,1,0,0,0,0,0,0,0,0,0,0,1,0,217985,223844.03,UGLY Activewear Haul + Wearing it to the Gym!!!,2017-12-06
6,6802,1057.0,0.0010825068870523415,2017,12,5,0,0,0,0,0,0,0,0,0,1,0,0,0,0,0,0,0,0,0,0,0,1,0,0,0,457348,420118.38,Best Workout Underwear // NO MORE Panty Lines,2017-12-05
6,3864,673.0,0.000624931129476584,2017,12,4,0,1,0,0,0,0,0,0,0,0,1,0,0,1,0,0,0,0,0,0,0,0,1,0,0,94631,100236.29,No Sew Leggings into Crop Top + Other Activewear DIYs,2017-12-04
7,3566,818.0,0.0006038567493112948,2017,12,3,0,0,0,0,1,1,0,0,0,0,0,0,0,0,0,0,1,1,0,0,0,0,0,0,0,111060,118721.55,DoYouEven Vs Gymshark Flex // Knockoff or Upgrade??,2017-12-03
7,3009,576.0,0.0004938016528925619,2017,12,1,0,0,0,0,0,0,1,0,0,0,0,0,0,0,0,0,0,0,1,0,0,0,0,0,0,56644,68814.65,"Ordering ""FREE"" Holiday WISH.COM Products // Vlogmas Day 1",2017-12-01
6,3024,213.0,0.0004458677685950413,2017,11,28,0,0,0,0,0,0,0,0,1,1,0,0,0,0,0,0,0,0,0,0,1,1,0,0,0,100494,98880.64,Cheap Target Activewear // JoyLab Review & Try On,2017-11-28
4,1896,215.0,0.00029077134986225895,2017,11,21,0,0,0,0,0,0,0,0,1,1,0,0,0,0,0,0,0,0,0,0,1,1,0,0,0,75786,77106.48,MY LEGGING COLLECTION! + Shop My Closet,2017-11-21
7,1897,211.0,0.0002903581267217631,2017,11,18,0,0,1,1,0,0,0,0,0,0,0,0,0,0,1,1,0,0,0,0,0,0,0,0,0,62192,71613.44,Black Friday Ready Online Shopping Hacks,2017-11-18
7,4842,323.0,0.0007114325068870523,2017,11,14,0,0,0,0,0,0,0,0,1,1,0,0,0,0,0,0,0,0,0,0,1,1,0,0,0,205617,203273.0,5 Best Tummy Control Workout Leggings,2017-11-14
8,4277,362.0,0.0006389807162534435,2017,11,10,0,0,0,0,0,0,0,0,0,0,1,0,0,0,0,0,0,0,0,0,0,0,1,0,0,234571,166812.8,"New Gymshark No BS Review // Dreamy, Flex, Fit, Crop Tops",2017-11-10
12,5585,322.0,0.0008136363636363636,2017,11,4,0,0,0,1,0,0,0,0,1,0,0,0,0,0,0,1,0,0,0,0,1,0,0,0,0,212985,219780.0,Fashion Nova Activewear Review + Huge Giveaway *Not Sponsored*,2017-11-04
9,16364,924.0,0.002381267217630854,2017,10,31,0,0,0,0,0,0,0,0,1,1,0,0,0,0,0,0,0,0,0,0,1,1,0,0,0,1530498,1216017.15,Buying $5 WISH Workout Leggings *Disaster*,2017-10-31
8,3304,216.0,0.00048484848484848484,2017,10,17,0,0,0,0,0,0,0,0,1,1,0,0,0,0,0,0,0,0,0,0,1,1,0,0,0,94845,101270.19,Activewear Hacks!! Make Your Leggings Last Forever,2017-10-17
10,2836,272.0,0.000428099173553719,2017,10,14,0,0,1,1,0,0,0,0,0,0,0,0,0,0,1,1,0,0,0,0,0,0,0,0,0,161385,142450.14,The Best Long Sleeve Workout Tops You NEED! Review/Try-on,2017-10-14
8,3934,262.0,0.0005779614325068871,2017,10,10,0,0,0,0,0,0,0,0,1,1,0,0,0,0,0,0,0,0,0,0,1,1,0,0,0,193446,176751.56,Husband Buys my Activewear,2017-10-10
7,2290,167.0,0.0003384297520661157,2017,10,7,1,0,0,1,0,0,0,0,0,0,0,0,1,0,0,1,0,0,0,0,0,0,0,0,0,56659,76569.41,Lean Legs and Booty Workout at Home // BodyBoss,2017-10-07
10,11065,3089.0,0.0019495867768595041,2017,10,2,0,1,0,0,0,0,0,0,0,0,0,0,0,1,0,0,0,0,0,0,0,0,0,0,0,375275,436246.57,Quality leggings You NEED for Under $25 // Cheap and Trendy Gym Clothes,2017-10-02
9,3514,290.0,0.0005239669421487603,2017,9,27,0,0,0,0,0,0,0,0,0,0,1,1,0,0,0,0,0,0,0,0,0,0,1,1,0,191904,164101.18,Top 5 Favorite Best HIGH Support Sports Bras,2017-09-27
7,3271,241.0,0.0004837465564738292,2017,9,23,0,0,1,1,0,0,0,0,0,0,0,0,0,0,1,1,0,0,0,0,0,0,0,0,0,136874,127218.49,Buying Amazon Activewear for my Dog,2017-09-23
7,4090,283.0,0.0006023415977961433,2017,9,19,0,0,0,0,0,0,0,0,1,1,0,0,0,0,0,0,0,0,0,0,1,1,0,0,0,171266,167826.75,The Most Underrated Affordable Activewear // MyProtein Review,2017-09-19
8,2493,272.0,0.0003808539944903581,2017,9,15,0,0,0,0,0,0,0,0,0,0,0,0,0,0,0,0,0,0,0,0,0,0,0,0,0,100291,94762.47,Til You Collapse // Affordable Pocket Legging and Shorts Review,2017-09-15
9,4070,0.0,0.0005606060606060606,2017,9,11,0,1,0,0,0,0,1,0,0,0,0,0,0,1,0,0,0,0,1,0,0,0,0,0,0,182533,184432.07,"Cheap and Trendy Swim Favorites // High Cut, Velvet, Off the Shoulder, Knot Top",2017-09-11
10,2856,1799.0,0.0006411845730027548,2017,9,7,0,0,0,0,1,0,0,1,0,0,0,0,0,0,0,0,1,0,0,1,0,0,0,0,0,93662,101341.33,What‚Äôs in my Gym Bag // Ft. Teddy Blake + Giveaway,2017-09-07
7,2805,263.0,0.0004225895316804408,2017,9,3,0,0,0,0,0,1,1,0,0,0,0,0,0,0,0,0,0,1,1,0,0,0,0,0,0,78757,93560.13,First Time Working Out in a Singlet // Gymshark One Piece Review,2017-09-03
11,4042,301.0,0.0005982093663911846,2017,8,30,0,0,0,0,0,0,0,0,0,0,1,1,0,0,0,0,0,0,0,0,0,0,1,1,0,178462,181602.24,HUGE Fabletics Gym Clothes Haul & Review Ft. Demi Lovato Line,2017-08-30
9,3910,284.0,0.0005776859504132231,2017,8,26,0,0,1,1,0,0,0,0,0,0,0,0,0,0,1,1,0,0,0,0,0,0,0,0,0,181858,197859.87,Aerie (By American Eagle) Activewear Try On Review,2017-08-26
8,2422,288.0,0.00037327823691460057,2017,8,17,0,0,0,0,0,0,1,1,0,0,0,0,0,0,0,0,0,0,1,1,0,0,0,0,0,62843,77112.77,SweetFlexx Review // Leggings that Tone your legs??,2017-08-17
8,3776,486.0,0.0005870523415977962,2017,8,13,0,0,0,0,1,1,0,0,0,0,0,0,0,0,0,0,1,1,0,0,0,0,0,0,0,358608,258549.72,Saski Collection by Tammy Hembrow Review // Sheer Leggings??,2017-08-13
8,2793,299.0,0.0004258953168044077,2017,8,9,0,0,0,0,0,0,0,0,0,0,0,1,0,0,0,0,0,0,0,0,0,0,0,1,0,112702,94745.78,"P'Tula Activewear Try On, In-Depth Review",2017-08-09
13,8863,617.0,0.0013057851239669422,2017,8,5,1,0,0,1,0,0,0,0,0,0,0,0,1,0,0,1,0,0,0,0,0,0,0,0,0,375655,448946.5,Cheap Walmart Activewear Haul and Review // Hit or Miss?,2017-08-05
12,2984,303.0,0.0004527548209366391,2017,7,31,1,1,0,0,0,0,0,0,0,0,0,0,1,1,0,0,0,0,0,0,0,0,0,0,0,99147,131239.57,"July Fitness Favorites // TJMaxx, Onzie, Yogalicious, Toned By Ashy Bines",2017-07-31
5,4180,693.0,0.0006712121212121212,2017,7,16,0,0,0,0,1,1,0,0,0,0,0,0,0,0,0,0,1,1,0,0,0,0,0,0,0,63536,108371.55,Reacting to Mean Comments *FUNNY* // HopeScope,2017-07-16
9,4758,363.0,0.0007053719008264463,2017,7,12,0,0,0,0,0,0,1,0,0,0,0,1,0,0,0,0,0,0,1,0,0,0,0,1,0,194120,202341.82,"Old Navy Activewear // In-Depth Review, Try On",2017-07-12
11,5267,415.0,0.0007826446280991736,2017,7,8,1,0,0,1,0,0,0,0,0,0,0,0,1,0,0,1,0,0,0,0,0,0,0,0,0,204394,208266.41,"Instagram Made Me Buy It FITNESS Edition // Senita, Bombshell, RedOlive, Relentless, and more",2017-07-08
11,3827,370.0,0.000578099173553719,2017,6,28,0,0,0,0,0,0,0,0,0,0,1,1,0,0,0,0,0,0,0,0,0,0,1,1,0,199608,196676.06,Buff Bunny Collection Summer Review + Drama + How it Holds Up,2017-06-28
11,3375,249.0,0.0004991735537190083,2017,6,25,0,0,0,0,1,1,0,0,0,0,0,0,0,0,0,0,1,1,0,0,0,0,0,0,0,163892,148928.7,Best Fitness Subscription Box??? Fabletics? Yoga Club? Wantable? Ellie? Compared,2017-06-25
9,8808,491.0,0.001280853994490358,2017,6,14,0,0,0,0,0,0,0,0,0,0,1,1,0,0,0,0,0,0,0,0,0,0,1,1,0,488653,474500.63,Husband Buys My Swimsuits // Huge RoseWholesale Haul,2017-06-14
6,3034,379.0,0.00047011019283746554,2017,6,9,0,0,0,0,0,0,0,0,0,0,1,0,0,0,0,0,0,0,0,0,0,0,1,0,0,142546,119416.84,"2 FREE LEGGINGS??  Is PopFit Legit? In Depth Review, Try On",2017-06-09
9,15170,534.0,0.002163085399449036,2017,5,25,0,0,0,0,0,0,1,1,0,0,0,0,0,0,0,0,0,0,1,1,0,0,0,0,0,782102,844792.26,Affordable Amazon Leggings,2017-05-25
7,1939,177.0,0.00029146005509641875,2017,5,19,0,0,0,0,0,0,0,0,0,0,0,0,0,0,0,0,0,0,0,0,0,0,0,0,0,86846,81364.71,"Activewear Haul & Try On // Fabletics, May Ellie Unboxing, GymShark",2017-05-19
10,5758,404.0,0.0008487603305785124,2017,5,14,0,0,0,0,1,1,0,0,0,0,0,0,0,0,0,0,1,1,0,0,0,0,0,0,0,322656,287806.63,Victoria's Secret Activewear VS Lululemon // Try On In Depth Review,2017-05-14
7,4700,279.0,0.0006858126721763086,2017,5,10,0,0,0,0,0,0,1,0,0,0,0,1,0,0,0,0,0,0,1,0,0,0,0,1,0,249586,198657.54,Cheap and Trendy Swimsuits // Try On Review // Spring 2017 // Zaful,2017-05-10
6,2141,249.0,0.00032920110192837464,2017,5,4,0,0,0,0,0,0,0,1,0,0,1,0,0,0,0,0,0,0,0,1,0,0,1,0,0,79286,88571.83,Nikki Blackketter X GymShark Try On & In Depth Review,2017-05-04
8,2091,242.0,0.00032134986225895316,2017,4,30,0,0,0,0,1,1,0,0,0,0,0,0,0,0,0,0,1,1,0,0,0,0,0,0,0,49476,89035.99,Healthy Grocery Staples // Making Healthy Eating Suck Less Epi. 2,2017-04-30
9,2846,257.0,0.0004274104683195592,2017,4,25,0,0,0,0,0,0,0,0,1,1,0,0,0,0,0,0,0,0,0,0,1,1,0,0,0,153664,101075.42,Better Than the Flex Leggings?? GymShark Vs NUX Activewear,2017-04-25
8,9260,489.0,0.0013428374655647384,2017,4,21,0,0,0,0,0,0,0,0,0,0,0,0,0,0,0,0,0,0,0,0,0,0,0,0,0,502410,492148.59,$3 EBAY Activewear Try On *Disaster*,2017-04-21
10,4174,253.0,0.0006097796143250689,2017,4,12,1,0,0,0,0,0,0,0,0,0,0,1,1,0,0,0,0,0,0,0,0,0,0,1,0,336439,285829.75,GymShark Leggings Vs Lululemon Leggings // In-depth Try On Review,2017-04-12
8,6042,0.0,0.0008322314049586777,2017,4,3,0,1,1,0,0,0,0,0,0,0,0,0,0,1,1,0,0,0,0,0,0,0,0,0,0,351184,307009.35,Cheap and Trendy Crop Tops and Sports Bras // Try on // Spring 2017,2017-04-03
2,1239,126.0,0.00018801652892561983,2017,3,30,0,0,0,0,0,0,1,1,0,0,0,0,0,0,0,0,0,0,1,1,0,0,0,0,1,78981,83689.33,One Piece SwimSuit LookBook // Spring,2017-03-30
6,1728,154.0,0.000259228650137741,2017,3,18,0,0,1,1,0,0,0,0,0,0,0,0,0,0,1,1,0,0,0,0,0,0,0,0,0,51741,91390.85,Better Bodies Try on and In Depth Review (Squat Tested),2017-03-18
6,2016,220.0,0.00030798898071625347,2017,2,11,0,0,0,1,0,0,1,0,0,0,0,0,0,0,0,1,0,0,1,0,0,0,0,0,0,111371,99719.72,Buff Bunny Collection Try on and Review // New Arrivals!,2017-02-11
5,5581,417.0,0.0008261707988980716,2017,2,8,0,0,0,0,0,0,0,0,0,0,1,1,0,0,0,0,0,0,0,0,0,0,1,1,0,107977,151929.9,Meet Leo the Labradoodle,2017-02-08
10,2586,204.0,0.000384297520661157,2017,1,29,0,0,0,0,1,1,0,0,0,0,0,0,0,0,0,0,1,1,0,0,0,0,0,0,0,186047,105701.16,Lululemon vs Fabletics Haul and Review,2017-01-29
7,1651,148.0,0.0002477961432506887,2017,1,13,0,0,0,0,0,0,0,0,0,0,0,0,0,0,0,0,0,0,0,0,0,0,0,0,0,58676,78872.64,Making Healthy Eating Suck Less : Episode 1 : FDOE,2017-01-13
13,1792,216.0,0.0002765840220385675,2016,12,17,0,0,1,1,0,0,0,0,0,0,0,0,0,0,1,1,0,0,0,0,0,0,0,0,0,88228,100221.98,Lululemon Vs Zella Haul and Review,2016-12-17
8,1946,196.0,0.0002950413223140496,2016,11,19,0,0,1,1,0,0,0,0,0,0,0,0,0,0,1,1,0,0,0,0,0,0,0,0,0,94622,96311.94,Alo Yoga Try On and Review || HopeScope,2016-11-19
11,3483,453.0,0.0005421487603305786,2016,10,22,0,0,1,1,0,0,0,0,0,0,0,0,0,0,1,1,0,0,0,0,0,0,0,0,0,244339,202386.55,Lululemon vs Athleta Haul and Review,2016-10-22
13,2265,509.0,0.0003820936639118457,2016,8,20,0,0,1,1,0,0,0,0,0,0,0,0,0,0,1,1,0,0,0,0,0,0,0,0,0,111168,122256.64,Lake Powell Vlog,2016-08-20
